sample_id,label,cause_code,reviewer_note
bf9949934695fa6dab0d67e6baa2b34d2382aeadac90b4b2a5d269e836067986,false_positive,non_metric_row,Automated matching against remediation release
fe3099a4cbabab99aad3e3ce5119a8290f86ff9573ca44f26668b085720f7eb1,false_positive,non_metric_row,Automated matching against remediation release
99d3a369a28a7d56c8ab9a307178ef9475370a25521f63c54259a3a1f6d0499f,false_positive,non_metric_row,Automated matching against remediation release
eb92b7e442106c2b5cd3ea3eff75dfcc889bac808a02a2575b3cab282a6e9c48,false_positive,non_metric_row,Automated matching against remediation release
7d0d0b8c83b060e1316788d49ad1bdc31c31110edbb5b257dc3611975c920c9f,false_positive,non_metric_row,Automated matching against remediation release
c6c5dcdd58d5f98cee139fcfaa6e9b8d5a7406df5c8575626009220dfa7e5d69,false_positive,non_metric_row,Automated matching against remediation release
1a1bdd9502a47bb656e55ffc99c6fca9febebf3a28a796f0598b4b154b53a19c,false_positive,non_metric_row,Automated matching against remediation release
6d31020db8374e947db33a3e54281f4025d7ec301152754e22f1d3dbcb37bd6f,false_positive,non_metric_row,Automated matching against remediation release
714e363436d7fefa3d4ba2f99601163138262fa027c788e6597220ffc0198cf4,false_positive,non_metric_row,Automated matching against remediation release
7d0239b7e95a7aeac46d8f7b3b0d23e5408798fbb0b49d6f0b5d987f16d4510e,false_positive,non_metric_row,Automated matching against remediation release
9fa790bb80d886c1fa4b7222c9ab283f8cf5124592471431ed415b59b022056b,false_positive,non_metric_row,Automated matching against remediation release
2a1b6af8dfefcf0f1a5b8a1f51971d0e587a73747e221b232fde0a2525651dbe,false_positive,non_metric_row,Automated matching against remediation release
0906c883ebf0afd4599797961cbeb363fae86f75b40ebe57c99230e476d94b7d,false_positive,non_metric_row,Automated matching against remediation release
437cf5b4886ec2b68beeba3fe21e66a554a1da394aa39678adfb3ce4583cc61e,false_positive,non_metric_row,Automated matching against remediation release
fc216c25b79fece986b4765f90cc98dd87a1efb635bf108c95431a4cbe4903d3,false_positive,non_metric_row,Automated matching against remediation release
50c475a8b5fe8a7dec024a896e9cf44fe807089805afc1008b9c42e12a94fc05,false_positive,non_metric_row,Automated matching against remediation release
e6c51362769e7d03da8513b3ab13a3e50c61c79ae4d6ef68c4c899311f960897,false_positive,non_metric_row,Automated matching against remediation release
0e960a4912290d0487aaf73db956f13dd42694af7d17bf216c1f42cf3859941d,false_positive,non_metric_row,Automated matching against remediation release
f483f7887749fa069513dc1dcc4adf0ab948df9f38550e5e7686414ace0391fd,false_positive,non_metric_row,Automated matching against remediation release
bdf8f9dddb5045f572a3fc63237daa9419b99d18595152ac31fe263ebf113ece,false_positive,non_metric_row,Automated matching against remediation release
bbfed84791312fb0bb88bca867b77000ffb841470940b18af6c334f7e550f1d1,false_positive,non_metric_row,Automated matching against remediation release
5c66821805fe59026e64112d75d5bd83f60ac3619a1c2ffe806965d7f7a00ee0,true_issue,unsupported_metric_alias,Automated matching against remediation release
e2a771e6c6cd70622be3dde02895dd0bc5170a6a4153a461bbd7f702577e7a59,false_positive,non_metric_row,Automated matching against remediation release
5c1ae192630cb97dcfc8363ee0c7f46f22323c318b9d80f166a7871d3b6f62e1,false_positive,non_metric_row,Automated matching against remediation release
f381bd026b3a3d7ba0b8fb866baba220e306022535b90b2fa89962b2b74b119d,false_positive,non_metric_row,Automated matching against remediation release
0db7c25d80cc93ac6fea20f4396d08108d537cb6235dfcf32d089b6e18c3f118,false_positive,non_metric_row,Automated matching against remediation release
a906d34d79d78161c7c6bfb77dadf658c2f41346a8b51cf91dfecc12dfabc465,false_positive,non_metric_row,Automated matching against remediation release
1065143596e33e54736e027e516b9c183ff9ff596b220cfff20f5d1e34164a40,false_positive,non_metric_row,Automated matching against remediation release
06ffe25fd82ccd66bba572d54759d110e2d9bb825a5532b5473f7ea8c819739d,false_positive,non_metric_row,Automated matching against remediation release
6e97635a5fd9e2e74422bd4f1fd00bc1b902ae9f888ae91b6a4fd7024e67447e,false_positive,non_metric_row,Automated matching against remediation release
c7627453a9764a6ae26c80dbbc585eea4d41546ca4eb4d7a02602777164c2899,false_positive,non_metric_row,Automated matching against remediation release
d6c090aa2f5d8c366acd85f9af2ff635c4f3187fbe8513b80aa0201ba1256b36,false_positive,non_metric_row,Automated matching against remediation release
425e2b46f83033e614773ee253f5e399350fd3c53accae0c3eda8e52b0e94ba8,false_positive,non_metric_row,Automated matching against remediation release
9d41308eb59439dbe4fd7f9dc01f2a9b7e5a1febc3a686ed62617fbc941b891d,false_positive,non_metric_row,Automated matching against remediation release
6f67bc6ddf173f315c3794725fe8fe41b7a43c86ecf8c9a2bcf9259e9c7f9a4c,false_positive,non_metric_row,Automated matching against remediation release
3aed8ca46dd71a4a50b390a0b28c31f1da1d927bdefebf5b40cc1b4380c4ed95,false_positive,non_metric_row,Automated matching against remediation release
5e188ec8a9215e42246b801709987b3a6900e4f33ba48a9f082bebc9c233040f,false_positive,non_metric_row,Automated matching against remediation release
a610bc8762d3a070a555554f3c84d2679c2949a8410e681a5cb5eda52be5a9c8,false_positive,non_metric_row,Automated matching against remediation release
69784c0751b0fdb3725463ff2bd8437b4fc83fdd5f76707b07dd66ea41655a0a,false_positive,non_metric_row,Automated matching against remediation release
ca9fd897bb7bc9b63ad259e2f9fbb434938f2067e670a616a61fb10c834a6b5b,false_positive,non_metric_row,Automated matching against remediation release
246b2c1e53575ff3213ec7b4139c1fdc0f741bdca50c3c50f3706813f82c2205,false_positive,non_metric_row,Automated matching against remediation release
34aca3f2f7b58a6f2ba4ac40626660cd2b54d7610c7e04c1e8106f2e6086715f,false_positive,non_metric_row,Automated matching against remediation release
58630966a11f0a5cc8af2152557a31e151d4de554c9f0765fb158cc9d0657376,false_positive,non_metric_row,Automated matching against remediation release
ccf28940b35a8a455ca5e1293195b5a89d65245d1dbd11b2a777503de2289e5e,false_positive,non_metric_row,Automated matching against remediation release
9735bcfb4864c8a9ed295df994531db96e486fd89f29fbe5c8e094cf879fddc1,false_positive,non_metric_row,Automated matching against remediation release
6cacbc4f9af8a36900559ca1e89b7bf49b55e0a3b1e5ec614ad7eeed9f36f2e1,false_positive,non_metric_row,Automated matching against remediation release
b38524612eb1c3ce7502d629e08d696df3ffc58f08c90ec33f7cfbf276ea2bf1,false_positive,non_metric_row,Automated matching against remediation release
4b2d7835cb19f9164fdc93561305311630d6adf3a34d515d644d94286f28cb4e,false_positive,non_metric_row,Automated matching against remediation release
0a2b600b480af5e255d3d4c4dc67ba93842e9a3d3744bd8488241e8b6e262bde,false_positive,non_metric_row,Automated matching against remediation release
73462f4f550efb60997c0f809efd5b7791de1f8b784fda2f3ab5551076c32fd7,false_positive,non_metric_row,Automated matching against remediation release
a30f23042531028759f0f756968edfd68de9acd3158a5f93300939b0d2498a4c,false_positive,non_metric_row,Automated matching against remediation release
c39b098784136d03e0d61e46560658da7320fbb3e52b3584f31fd56e5c06e8ec,false_positive,non_metric_row,Automated matching against remediation release
713ae450d58b2ea7d75db8246913a48fdfae86382425c5d129646968c0aa757c,false_positive,non_metric_row,Automated matching against remediation release
c7d1de644a27c27073933e167987df0b843b166678fa1f7db0e9e09b34da2d1b,false_positive,non_metric_row,Automated matching against remediation release
b533b713d43d62a06cd63ac5f84eedf1e1d990d1394638ec088c6d75c8d57e4e,false_positive,non_metric_row,Automated matching against remediation release
f538b0df80ffd3e96efbd8d21c0ee7edb6891cbf4d69264c0d9cde98d38688a7,false_positive,non_metric_row,Automated matching against remediation release
0828725e065a0fe6562fcac07fd76348059d8fbe211f6682a30a67503aadcaa0,false_positive,non_metric_row,Automated matching against remediation release
3f8ca9105697dacbbf533228519469020dc0707182761ff71f6c19c8bdabe590,false_positive,non_metric_row,Automated matching against remediation release
51a66376ffe99fc7e29d685f7e91e770fb172aa827731885018d957625e3f9bf,false_positive,non_metric_row,Automated matching against remediation release
e27dc211ca39a965d07c5f1c9be2f9df7144f0c6774734459705e5cb4f038b2b,false_positive,non_metric_row,Automated matching against remediation release
0a01418a2b4b16ed89dfa256f75f51712d4372102736a9de05e43f9683e4bee4,false_positive,non_metric_row,Automated matching against remediation release
007b6160f83a7a00bc0a2bd8cbb0e80e2b2a7b66f2df13e3a333ed5e4c34a11d,false_positive,non_metric_row,Automated matching against remediation release
8f1aae24eb98e76bb92c645933a7e9a6e327dc1a27f6560e339ca1584ee25859,false_positive,non_metric_row,Automated matching against remediation release
483ebb37960656eca4d7348bde1b48772f97b1d2fe37fdd9bd10d8a3a9a466c9,false_positive,non_metric_row,Automated matching against remediation release
44372b238ccd5c146107368d8e5c5bdd3fc7c8c2480de2bd755bb673ede8a551,false_positive,non_metric_row,Automated matching against remediation release
b4dd6b8680bbc3d086f9fba11181380bb5a5a3111375083d69ff912568036f8b,false_positive,non_metric_row,Automated matching against remediation release
50259fc0277686210763a8cdb1f32cf89f292bf691bfe44bb35853e375c28988,false_positive,non_metric_row,Automated matching against remediation release
2f5e20014659bbe2703406b80769f66415536a87029426189436a029604ca2d2,false_positive,non_metric_row,Automated matching against remediation release
57bc2041415f427fb4a6d316b2f9cc0af33d6787c118f8aa22362bbf2bf290ba,false_positive,non_metric_row,Automated matching against remediation release
e2a470a28f1f3d2e9d7ebd2eed85d3a3cdfa9cafca237322885bd2b321858022,false_positive,non_metric_row,Automated matching against remediation release
50f039ce474e84418cd957de5c40b231fc9bfae6ee85f35ad1c20f8122106c55,false_positive,non_metric_row,Automated matching against remediation release
b67e7d0f1a09603d7948ec8b5c7fef3b87d34393e05fcfdd9e8900e098110edf,false_positive,non_metric_row,Automated matching against remediation release
39463323491f318aa05e1af4b2b2112ddb6fb3563a4d865bfa50ef7858b3d398,false_positive,non_metric_row,Automated matching against remediation release
a69d7ed054d6d63487e7c1fb57c98a75a2ee9749102d57feaa18c73920fc28d1,false_positive,non_metric_row,Automated matching against remediation release
825c8aa4388cbd06a336774506e6044d6f626a15d48550473e4d6531940b7e12,false_positive,non_metric_row,Automated matching against remediation release
fad3e00e575a9ff6735a9fe8ccd5c26e526d039678a647a78092d7daccfc26f8,false_positive,non_metric_row,Automated matching against remediation release
b3274c890c80cf045a16767ddf72272effa81f40f2d755d1be4b6557168ffbe5,false_positive,non_metric_row,Automated matching against remediation release
fd4ccb50e6efd3f4f41a46a42cf0de76097c7285fb44b9782cc8767518a2453c,false_positive,non_metric_row,Automated matching against remediation release
04fc25ab8dbc31c45a9d15ee0947469210a81c4f79377706114069c00660f6a9,false_positive,non_metric_row,Automated matching against remediation release
d7472c70d248b3d80c9b30043d3cc06cbb41b40b0b680bf3a795d2b03bcf47b8,false_positive,non_metric_row,Automated matching against remediation release
b7989bdfe9d3ab99947e42c50281f8e97dd65d64b880643e2819f3d5f2278aff,false_positive,non_metric_row,Automated matching against remediation release
2d1665fd4ed8e97260e1d64414cfd19f513ff15d67f394426d7852846ef8f0d2,false_positive,non_metric_row,Automated matching against remediation release
0a1d823c4cf9187fec767f077391d0c463ef8b0182e7eac2b54bdeaca4e7eec9,false_positive,non_metric_row,Automated matching against remediation release
ee555b1bdd1b21a641142b71f69758dc242ebc857bf020a38aa447b4573b986d,false_positive,non_metric_row,Automated matching against remediation release
42d5906703c80c5b6d73578d935c22318f71c68acaed2393aa97cf8f9f37a6a1,false_positive,non_metric_row,Automated matching against remediation release
953893e9b775caef36e8c6615b8ef27a6996863b51ace90da46b6a35ba1932b1,false_positive,non_metric_row,Automated matching against remediation release
1a6c58a0cd6551b50bdd20d03bea7034b44c8cf9e64f19e1eadc15ffec2583c0,false_positive,non_metric_row,Automated matching against remediation release
08d92754a9dbeed7b9fe04ec6265ce74982bb727e0a5811beb92d2e1dfc8ead6,false_positive,non_metric_row,Automated matching against remediation release
726de10743f57069b39c370771a62f9376497e709c416a1f2326888736a07b56,false_positive,non_metric_row,Automated matching against remediation release
da5c9eff03b5e408ccd2b2b8674db5c6c88fc039172c4cd18fecc29c60fb8f2e,false_positive,non_metric_row,Automated matching against remediation release
ac50a18b13e8b2ae524913143f7e36c4a29f639fb10e32ce70611bbcca2a8018,false_positive,non_metric_row,Automated matching against remediation release
789c2ba970a81e71d6d9e02bd28d2a974f617143fcd44340a00b5eee8ecf7f34,false_positive,non_metric_row,Automated matching against remediation release
c5adbb824cba165b39dae63b7747400981a8fccea29113aa521dd02116b01750,false_positive,non_metric_row,Automated matching against remediation release
aba5381d4a7ec45bf7ac9f45725d166d27838c4aafd28d0144347c5b90855a4a,false_positive,non_metric_row,Automated matching against remediation release
983d4a5913ab84f1b869abe77e14f7414b047a82d52a9a3b95197dd5a0b59805,false_positive,non_metric_row,Automated matching against remediation release
c2d564fae48a0dcecb1a88025d139b03d6e7bcdf2e2740d7a60433f6ff0cd587,false_positive,non_metric_row,Automated matching against remediation release
d394728e78bac02c878ec29aa179f98b5848c7005739486141aff8c13d7812f4,false_positive,non_metric_row,Automated matching against remediation release
9c20e5c0898be2ac2a24c50bb1fd243fc2a678155debd90fbc262e91ac8106ac,false_positive,non_metric_row,Automated matching against remediation release
2dc9f3f5ebe278b4651fe82001777fb0362fdc781e5a312d0d408b1bdf67fce9,false_positive,non_metric_row,Automated matching against remediation release
16406a0beb4408664fa06a1647eb2f786cd2f3e9cb45ed50d599694b11925d1b,false_positive,non_metric_row,Automated matching against remediation release
6a194e8ff0120fb6c3482e36ea6b2faac7a0ca3b86a77ae0f6c3f844d3c69eb1,false_positive,non_metric_row,Automated matching against remediation release
bdaf9ad32ca15dceffd1b6c3a74328ee43cd86247988d90322a986a088d717dc,false_positive,non_metric_row,Automated matching against remediation release
5ec1056c1910cc9c1c988865dddf235059e397e8843ef17c3390c09badafedf3,false_positive,non_metric_row,Automated matching against remediation release
961d70c5785bfb6b112dbea21b0425d8e3c2ce74f1b065ca0bfacb2e744b2e2f,false_positive,non_metric_row,Automated matching against remediation release
cc70e06f6611ad945fa82315eb9e8c148e7830005c8d4e9d8e90ea3b07c288a5,false_positive,non_metric_row,Automated matching against remediation release
9dcbeb1d157b28566e4d585192b6671d741338317aa1200cd9843f017b8d2480,false_positive,non_metric_row,Automated matching against remediation release
27b13c23099ff0ba7c4e05656c032f565d7de32d4745f2e005db256935ab3687,false_positive,non_metric_row,Automated matching against remediation release
ccd60eef7935cc7547a2a1e9d417d1c6b716d05da47e15225892ba54c2798942,false_positive,non_metric_row,Automated matching against remediation release
a716af94a9285c7d286cb85b704a44a67a3b9b7dc060498af471463c0facfe41,false_positive,non_metric_row,Automated matching against remediation release
3dc663ecb17f581be1a0a8e69e3aacfdbd8b8ce9eb1aa8191cb31949f46c758b,false_positive,non_metric_row,Automated matching against remediation release
50e0bcf249d250933016861d91795215b25b407fcb870aaf640203be1289ee31,false_positive,non_metric_row,Automated matching against remediation release
e04a079bb63960afd8076e1da0eff380a5e0e0dcd6618c004fe1a53fc97e7513,false_positive,non_metric_row,Automated matching against remediation release
e010ea266a2b9e393885daba732656f8128394e388fdd5120634c30539f08d74,false_positive,non_metric_row,Automated matching against remediation release
9b38aac541184fdb1f5827edaac0a6846bec116c4af959a5d8afb181fbc5346f,false_positive,non_metric_row,Automated matching against remediation release
54fa7024e281c99bc445bc2a9edb61609ccf192bb3ac39cc45a10cb70bd1dfb5,false_positive,non_metric_row,Automated matching against remediation release
0fb9468c2e9217218f91fce7bba20143d51a236594c00f8b09aa0358e171287e,false_positive,non_metric_row,Automated matching against remediation release
ca8c36739abb53c377839e0ec9a73a60f654ef1b0bd282d04b103d223433e09e,false_positive,non_metric_row,Automated matching against remediation release
b0bd4e2838f6c5b8af56c5c1ac0dd22aa093047fc378beb7c7316a7f11b0aa58,false_positive,non_metric_row,Automated matching against remediation release
13e0477f6bf4d711dd23b1488d858c83331cee08e418af5376661f3e53159d5a,false_positive,non_metric_row,Automated matching against remediation release
300e9d2a3064c714a451692f28d43551a49a5a47c01daf3236ffbe2115b25028,false_positive,non_metric_row,Automated matching against remediation release
261ff8290847dd849fcbd052cf2511bcb5d8bb47dbd23425539c2c272be744cf,false_positive,non_metric_row,Automated matching against remediation release
b9fd953d6a71f3154329381447c697f0f0dbe1b2bc25aafdfb8ed7406382baa6,false_positive,non_metric_row,Automated matching against remediation release
8662eb2187fb7efa0eb69e1774a16f7a640ca418499d3a726bbaf712621ffc0b,false_positive,non_metric_row,Automated matching against remediation release
a1bd730a45a8503aed36a70940aad19872bf162ca9e7e884f906e2c6958dcf98,false_positive,non_metric_row,Automated matching against remediation release
9a2ae38fb2fb0b05bb10b81cdcf638c2bed5fd6023fe660da9244e13300a9016,false_positive,non_metric_row,Automated matching against remediation release
bd60dde626220052d1962cab0eb6c1d834b4d8cf419f939a0f066a186037a3ee,false_positive,non_metric_row,Automated matching against remediation release
d39e6a2959881644b77852aa69aed15b9b300984019b6904475ab8d225a2b0cc,false_positive,non_metric_row,Automated matching against remediation release
7348f7488d332f72d7a6ba369d1dea75f116770aa91d02ad13031c5960760a1b,false_positive,non_metric_row,Automated matching against remediation release
cca66f4bcd226ea24a2aaf6ae20461c6d434615158681fca5c566461ec0a325c,false_positive,non_metric_row,Automated matching against remediation release
cf849b1bf8e24b111c9e95f02e63dc1d97e4cc4740591f7904f32ca1f9256f39,false_positive,non_metric_row,Automated matching against remediation release
bb64005e76815717c17fbe1bf48d85c62a23bf1c2c859a09a62bb4db450f1739,false_positive,non_metric_row,Automated matching against remediation release
73420f6a775aa7f8c005177e43816e0e69fcf6beb380d9937756225b64ed0c9f,false_positive,non_metric_row,Automated matching against remediation release
02f6e4859bf900b34fcbc03979e19ef60414b59404dd3f932a5c9fa836c3660a,false_positive,non_metric_row,Automated matching against remediation release
60ac15ea02bbd2af93458820db2987aa129b0cc797853a106e1280e8f02fbcdd,false_positive,non_metric_row,Automated matching against remediation release
e7a14a2b16144f6a7ac38e540c8cc74ca0816f68038399b03e65db3b14b6b4f1,false_positive,non_metric_row,Automated matching against remediation release
aaefa3b4aceafdf7d9a9e1a8f8b0882264683ed12c263dc6769a72e8bb514e83,false_positive,non_metric_row,Automated matching against remediation release
1afbf2c4f49c8ffe0b8c263d4b28454abc72435fa19b45b358533227c87f7eba,false_positive,non_metric_row,Automated matching against remediation release
c3ff03634cc9d23284198131ece0acb389478aeab902f413dd91466382d91aa4,false_positive,non_metric_row,Automated matching against remediation release
d81970e67c464896d2c95962d0e481adba6f0e5b72139ce64f6256f2ab73b826,false_positive,non_metric_row,Automated matching against remediation release
671939eb05f033a425db96ed830f15efbc55f84eac5bc1ce144ca7d1770558d5,false_positive,non_metric_row,Automated matching against remediation release
6df1553422002a9b39aaff03d1aec2db4c12fee0e1ad17516a3a28dc3c76043e,false_positive,non_metric_row,Automated matching against remediation release
00eb8de51b024dfd76ec09bbc109208dc7a2ea92f8b9775a27c028e898ad279e,false_positive,non_metric_row,Automated matching against remediation release
25f85aec73cf4f57976900db39c712a9207babe064ccd2533439de1889c1b6f0,false_positive,non_metric_row,Automated matching against remediation release
be01bcff7d46ae8c8cfd3db2f29320580e8f8d49a7252f6623b64258bfb2dc7c,false_positive,non_metric_row,Automated matching against remediation release
c2b9a6657bee93fbfad8907927073afaa4271bfea4e0d439ce295b8b93f9f94b,false_positive,non_metric_row,Automated matching against remediation release
87303e999624e0797025cd3d2590ae2f9b73dbc25c7bc85add82c1e2a84ad4f4,false_positive,non_metric_row,Automated matching against remediation release
87f7f2b3ee0038b86faa9d2f7c6513493e510813e41e417a5f2e6e88febfc079,false_positive,non_metric_row,Automated matching against remediation release
6b0abd13449b046a460efbe53f3f2a2f126dd3cb993c08f4d3d242f23c1c02e8,false_positive,non_metric_row,Automated matching against remediation release
b9820ed1646bacaa09dc9fcb6fb22a772ad08dc2c423440c8701f165594eea82,false_positive,non_metric_row,Automated matching against remediation release
93a0ca99607478dc76acc61bfc27fa2d93dffa028ceafa97d16f191a3ea38b60,false_positive,non_metric_row,Automated matching against remediation release
2cfab5ec419765ba59a7454b55eb191a11d41f10a6457e7339dbbda4f40bf853,false_positive,non_metric_row,Automated matching against remediation release
aef4403da33ebd44c864758186cdb58b0f7ce1ea3f7d7cdc8eb078588a2f9770,false_positive,non_metric_row,Automated matching against remediation release
d0c6a382990464472aad682a2c455074255748e84a453ea0a46a2286752ab8f7,false_positive,non_metric_row,Automated matching against remediation release
4de8bfc055148bb6ee2835971a22fcc3548370ca7949c7cbea7151c7e96edafe,false_positive,non_metric_row,Automated matching against remediation release
1b14e3c16cff2e17e4f3df8c8e0ad0f07cca3bc387363e2421aa7cc2e1638009,false_positive,non_metric_row,Automated matching against remediation release
b2ed70b6fcf2fec62d84567f5a4ca5602701fb8af49e4ea83f89c92d324b6568,false_positive,non_metric_row,Automated matching against remediation release
b1f5daa7b898357d3e6de8f7fbf9622393c9ddbc43542cd77838216f82932e40,false_positive,non_metric_row,Automated matching against remediation release
0ac2b612806bd44836647221bd64c6422efa7a26e543fbd2f3c4d23d16439048,false_positive,non_metric_row,Automated matching against remediation release
6aaff1a7a0c0013d352ea25e3f22d9b1b64729bb5110e1a4d208d42725281236,false_positive,non_metric_row,Automated matching against remediation release
55cc053bc0648cee51b93b06ae3e3f6258bf0eafe7a7cad45f330341c965d1c3,false_positive,non_metric_row,Automated matching against remediation release
8d973be3dc7934860cd38717a91c8f92e7b421fb6d76d3bc15b1d66214d1a3dc,false_positive,non_metric_row,Automated matching against remediation release
57b0c4ed473320bb8e64fa6d5903263be6c40b26abf9303839c34c5087150afb,false_positive,non_metric_row,Automated matching against remediation release
5653918899504804cde0c561bee27cc0814e9d8bc72149121b0334674be6259b,false_positive,non_metric_row,Automated matching against remediation release
00cfcbfb0655290b951be094ed9b47864d3302a6230170310e959080faf0b9a7,false_positive,non_metric_row,Automated matching against remediation release
c026e36b09b7e8d01400e92300fed94af2c1af3cb0e99e855bc27c3aaa223a42,false_positive,non_metric_row,Automated matching against remediation release
9ae3ff274d469ce72b5f913476e0116c72f875dfcf1b0b24e62d3dcd42783806,false_positive,non_metric_row,Automated matching against remediation release
1b0da90a89d92abe3f7e7968ae04e3e323efee9a3effe0639933eef76f07e1cf,false_positive,non_metric_row,Automated matching against remediation release
4f91f750b06857e964c3c64c6e974b711dd274f3aab2d475792057143ad5247e,false_positive,non_metric_row,Automated matching against remediation release
b9f6839b2c39015d1ed313ba8b398a588d94b32fbdebb9593f2a650e767e4a07,false_positive,non_metric_row,Automated matching against remediation release
2a23fca26e9b21512133a5521d1b4b129cac9b1aa5167b19156429ec17a04367,false_positive,non_metric_row,Automated matching against remediation release
cde51c500f89ab3b5fbd7763862a3c360591a2ac69c36733038d446b80ed7677,false_positive,non_metric_row,Automated matching against remediation release
d046fca4600d5ea962cc5b2ac07c6e7ae6aeefe3d9f77c83b650e93db4659524,false_positive,non_metric_row,Automated matching against remediation release
259d7104eaa8de4de6962cb454f99d183d8f48d19f2a6b40788a2f9662086cdb,false_positive,non_metric_row,Automated matching against remediation release
a5ab788321b0d3c122b2fae21dfb532073809825547894ade2d79f777fa7714d,false_positive,non_metric_row,Automated matching against remediation release
348ac819c2fccdbc5688546073bd533d246b76328b8b59b09333f7356b9ff295,false_positive,non_metric_row,Automated matching against remediation release
48d1b624ad6da4ac7fab4d06e8bf6603a9b15d5450bba3a29970cfc849116bca,false_positive,non_metric_row,Automated matching against remediation release
d2871ca910e723add6fb6456f59b3fd02ac870c292b5436607a786b120197db1,false_positive,non_metric_row,Automated matching against remediation release
48ac6924fe5b07fd65185d4e2bf948aaed53f73035fa0c52b331d53dce0cdf49,false_positive,non_metric_row,Automated matching against remediation release
8c26f11275c3b97c2cc5db230c8af252de6ba2d3ecbe9105ea088a839ec10785,false_positive,non_metric_row,Automated matching against remediation release
9c7b0431e3bd775101be90217698be89d8f38ab6e728f98915e203bc5e3aca20,false_positive,non_metric_row,Automated matching against remediation release
69103a73b3dda40740a934c9d1db781295d4a158c6b7a4583a931880145c5669,false_positive,non_metric_row,Automated matching against remediation release
6feb0866c784b08313e2aadd7f52355393a2d0ddd74a48ff56006b0e5e629fee,false_positive,non_metric_row,Automated matching against remediation release
32bca22ecd475880bb22218b39e08c5466e0366d52af27f990b9b8cefb443e4c,false_positive,non_metric_row,Automated matching against remediation release
5ec12731228dddd43d3ed12e903b7c73691801314eaf778b062b37bd1e7f93eb,false_positive,non_metric_row,Automated matching against remediation release
52c781fb2f290d41c5095fb5fc3680cdea55907b2c97bdc9b1c9525182140b29,false_positive,non_metric_row,Automated matching against remediation release
f9e2d4d11d0d8b2380b5389251071c102bd36c2138ee5ca3af458f3c52a1ab06,false_positive,non_metric_row,Automated matching against remediation release
4de7f553d5ad5929637bd82d58c1b4f9751f8067c035c256d57800791a23c739,false_positive,non_metric_row,Automated matching against remediation release
9ff415a6a7b1ed40b4a94aad52b95b7dbc187b9ab2321a369e153d8dd8f69843,false_positive,non_metric_row,Automated matching against remediation release
9e156df6fa837ec828c521d8aa1dc84a6a3214ffc64a807b3f76c8a2235f8965,false_positive,non_metric_row,Automated matching against remediation release
4c1c55dfb576930660801fe3b909ff0fb7696385209d1cd0aebff3b721ee2a17,false_positive,non_metric_row,Automated matching against remediation release
ed51957a696d3cfa48080b65b8f09b96bb5789b598ff8c9df64806321f7d51fb,false_positive,non_metric_row,Automated matching against remediation release
873f6c2df08680a6fb28c7073dc1d87cc0109e1d66b57ee144a3373d88294989,false_positive,non_metric_row,Automated matching against remediation release
56fb66e40c835bb5b5a99f4dc955fab9cda62eba87d888a39420b7b4d8766d7c,false_positive,non_metric_row,Automated matching against remediation release
59e275b1c0a012853e1b7683df0bd866e5ff7f2241ae4d4ffc53a4929e45332a,false_positive,non_metric_row,Automated matching against remediation release
bd82759e03661294cf81b1ff4b18a9912614b5e11ebd3def9ff65272eb1ee47a,false_positive,non_metric_row,Automated matching against remediation release
d972e9d8ad04e1da6c787db6fb1e5ce18935ab242ef9d83750874c6870c80ea9,false_positive,non_metric_row,Automated matching against remediation release
b68df39c8f9731485be33839d4afc5a63837aeb399bfaf6646b0dcf183a64d5d,false_positive,non_metric_row,Automated matching against remediation release
a4317d6b5a6286a77764e1c3b481d3ba439cdc4cecb56e5140845e61c4b03c1b,false_positive,non_metric_row,Automated matching against remediation release
e6ca6bb50dd45d517a2833d0359c90ff503ef2a989098a9ef38487e07857f5f7,false_positive,non_metric_row,Automated matching against remediation release
0021d72da6f1dbe23f30dfb831ef8df5c652f2c79051dc3c856a6cd71541ffaa,false_positive,non_metric_row,Automated matching against remediation release
5d7cf06c7ff7127cab49c7781a9aa937caefc56584ffca3576fcfe6083c9d496,false_positive,other,Automated matching against remediation release
e3ae3e24e3230de4b507f30a7622236096615844b4b12747d774f80a69a58e2c,false_positive,other,Automated matching against remediation release
70a63100afd7ec5568cff1efba8720607790fa18d6a13c06bf6b0e14d626255a,false_positive,other,Automated matching against remediation release
cb9f892093410b97c2530d440afdbea889b256f05263c05dcd8a6cc9250ee225,true_issue,other,Automated matching against remediation release
c6c8294b02bd5d22deab967865f5fe1212427dcb55485765e48f8c2b5b98bf7e,false_positive,other,Automated matching against remediation release
7f07477cf1c8a8cbd941d02eed0bf8a6671377e6dd44165b5eff706e9b568012,false_positive,other,Automated matching against remediation release
80eafe5d6c8635bbc5e9b64db2dae2f6f3eaf016e7ec1c5d84e2c464f12498fd,true_issue,other,Automated matching against remediation release
ed9f3ec88bd9df67d872a9a318e9e04193a7df2f32ef337d06ed533256811b2d,false_positive,other,Automated matching against remediation release
5cdbdd15867a4af4e50babbe44d50a7f98b21da750a44631ae110d59078250e5,false_positive,other,Automated matching against remediation release
7e84d43237a3f85bf86832321383809c2203dd502da79f262fc8ea1b04eb0f91,true_issue,other,Automated matching against remediation release
2532c5d0baa01434e8ebf80c04170163a1230b9d51daae8c6fc1fae1ede25b11,false_positive,other,Automated matching against remediation release
feb46da46d338c9777e925d67dafea8883d52b6350b967437c5d434b00bbc509,false_positive,other,Automated matching against remediation release
1947ea12c86d3fedffb60344ff9761d182ed1df21e0a2195f0738ba7e79bc367,true_issue,other,Automated matching against remediation release
ce7ea8f6d50c2a3fb23a11c598cc1cdd7a1f7f8d5007371a001e442a7a320414,false_positive,other,Automated matching against remediation release
264c7cc6060a04251845f26dde83a6c5b581abcb3ba3e67176f50c237c84d7b6,false_positive,other,Automated matching against remediation release
4322b4ad54fd3cbb14c6c89228780001501cfef9198aaed0e02baced799e01c9,true_issue,other,Automated matching against remediation release
759789e744d6540ee9a0140552926f071e1e3fd473072662ce44b9e8ccfa8eed,false_positive,other,Automated matching against remediation release
a6d8b46af84d3457f1c81e2c6aa590a9eaea4b615240b084a6618a2151486f43,false_positive,other,Automated matching against remediation release
1809ae0ad5a83b4848e5adaade93f88f5615f6a1a69d59364de3f433631406e8,false_positive,other,Automated matching against remediation release
bdcc34c7e6dd5abc9cabe9f038d6688f9597ba0f22f67e39538b1a5831f0b607,false_positive,other,Automated matching against remediation release
124820780269e704fd678f888b0ee5f667601cce2d97b7829241efa6fb8d67f4,true_issue,other,Automated matching against remediation release
a97e110933f4d56426397d84fc4caad11c148db1e80be30edab02b9577be1c32,true_issue,other,Automated matching against remediation release
12b884c2295d92b9ad788181171a6147ac853da112e189fedad81b9540e90994,true_issue,other,Automated matching against remediation release
025824d1479c77a53824d08d3605e0c98bcac09c1ee07e4cfe47ec66abf85e0b,false_positive,other,Automated matching against remediation release
506aa58205bca122633d66e74aaa5e47ba805f7e8c7e76ba35118dac667bf2d6,false_positive,other,Automated matching against remediation release
c9dcdbd05ee989c56c8f82a8df36437da886d0d3fe594d675bfbb7b6a45bfeae,true_issue,other,Automated matching against remediation release
741f86fc2d4b3a0bff827ab998136c25d531f6e95c3449a259125d3d548cb028,true_issue,other,Automated matching against remediation release
fdb89f5068e0700b419e2cf009b6fd1c71e0987a7fb54efb04abd915432ac609,false_positive,other,Automated matching against remediation release
4cb8fcb1d98f3bcdcb5121a2ae89d05eeada58f5ceac4f51b9d871e4de700500,true_issue,other,Automated matching against remediation release
4183139f47c5271f0831d6495501227faa2e79f31026628e71afc126487c8e48,true_issue,other,Automated matching against remediation release
c298b2c8a96bf74bb1096e316b5003946f8fc74c9d8fb172662b1958b82f1c84,false_positive,other,Automated matching against remediation release
d61750656939efeb1331b1305f214163d3edc26b48193f4b9dc59c7e65abf733,true_issue,other,Automated matching against remediation release
fbe1c5164a439ac97ea5b555b79fd654739eb64297327eaee685a66516a99725,true_issue,other,Automated matching against remediation release
f4c4e7a5669504d2b7551e2393e6b7ab01d49eeddf5a39bd6093084fca57b9f4,false_positive,other,Automated matching against remediation release
f910da605439ca746f2269c399eccfe9d304ceb1f1ecc55f67d6af985d35c972,false_positive,other,Automated matching against remediation release
2ffb2bd3d075902616aad29a00afa328b11eccb48bfbf63cb409617034584493,false_positive,other,Automated matching against remediation release
aa7c0e9ff138db309c61e5039e2d1853814ee3e3e7c4662c0633fb574ed47b12,false_positive,other,Automated matching against remediation release
1fd3ed487020a3dad76ab6751a7f038e7b97c89791ab279e84d2cffb6231cbd1,true_issue,other,Automated matching against remediation release
6b482248c689c9caf0b73f167436232b519638e78c1e7d87fea794bc28f1b828,false_positive,other,Automated matching against remediation release
4f6afec6ab8d0100422f0cff781b9a09dd0539ef471c39f1e8fbfca35a41124a,false_positive,other,Automated matching against remediation release
322395c6943329c4d2fab2a23b5eeaa0be28844d4b1d246920397b0c66573eef,false_positive,other,Automated matching against remediation release
fb8ea2314979b9c28fb9fa48a7a280da646dc41d86eddbf1d4191b01b0d3fb3b,false_positive,other,Automated matching against remediation release
8013bfcf7e9add8525c931137d1c6da0bbc7b132facfcc159c0c01f59adfc345,true_issue,other,Automated matching against remediation release
1d2cbe9d83c229582bbb4a07be7ff0266b4752dd866a246ff6499bfcff38baee,false_positive,other,Automated matching against remediation release
684f051f890ef60d7d887d58831b31035df589523873f4ab3b147ac6b902b5b6,true_issue,other,Automated matching against remediation release
b08290c1f2bc03757481cd1af5bd46f9aee9b41f22c8cbb1d7c46cbb96a161e2,false_positive,other,Automated matching against remediation release
17cbfb8239a96ce13522a99bdff031d372cd54811891458710a7be1453e6ba7c,false_positive,other,Automated matching against remediation release
9d9430b3d1b03f155c780771577191de660547aa9b12a50f0e9ee9ff4f5a3ce2,false_positive,other,Automated matching against remediation release
9e1f4f690e709e28ff1c188bae0cd99d118b3024723b70e85518f54412f539ec,false_positive,other,Automated matching against remediation release
767896b93a58f90932bbd5dd6057adf6f6863cb1f141079ffe95d8cf225275d7,true_issue,other,Automated matching against remediation release
5aa5f568f182ce3cd8c452ce5f2a4cbf226101fb1d750a524182a359fb4f7831,true_issue,other,Automated matching against remediation release
65b6294489d6a9e669eaec7c1577902799655c9036030110522d50608b70668a,true_issue,other,Automated matching against remediation release
1c4757f0a1710fb7b049248bf507614ae92ccd72eb6326f87e0609adf7ffa343,false_positive,other,Automated matching against remediation release
fb31c2a83de314596c017bc5522dcf206d3958af1f83b54d6cf73af732bf16b7,true_issue,other,Automated matching against remediation release
5795296a2288ad4248fcdfdf78dbc6ee47120bcc8812640e2be5f09423ee1f39,false_positive,other,Automated matching against remediation release
2acc850d604c09f845e308bf1bf7733721ba097e3fb36f08158b286cae5415b0,false_positive,other,Automated matching against remediation release
d35f5f34b3bbb1ec1d58d960f0aad3e5a4d0fb8d701b1dc5f18854860ab58606,true_issue,other,Automated matching against remediation release
4cb66c326bb0db8d00db934346998921bc71f126b68fa1b79f039b5470ddbf12,false_positive,other,Automated matching against remediation release
e3cf59b7128736ff0841b854ceaf73ed09755738f53a260f1685bbd5efa29c0f,false_positive,other,Automated matching against remediation release
6366da4b66460b2656ee4cfc0664fb23b99e789af624e88ba891a22352b1ab03,false_positive,other,Automated matching against remediation release
7c70b8ddedd29ca46958e50d65fd30c90f8b3dfbcf37630bfe2fd463cf209969,true_issue,other,Automated matching against remediation release
041e2495f9d640b87bd2ea227f496e23288fb10dd6ae451fcf4fe5b49e3d446f,false_positive,other,Automated matching against remediation release
1280c83e75596aa500c2612a429b8fd5275c19634b30ef9226a1cac333eff8a1,true_issue,other,Automated matching against remediation release
9e545715c8baf289083c2db1c18c11afdac5ab63521e1f830629ce603d96e244,true_issue,other,Automated matching against remediation release
db8a0e19822e8188b7b5034e3a5e7f5065090ade987f65bede24f3da38c80f04,false_positive,other,Automated matching against remediation release
1978d681a8a2aebae343ba3b9bffcb42e0ca8ebb134f190ead36b54c76fa06ed,false_positive,other,Automated matching against remediation release
c5b12efc436a4c30110086176e7d57fadf5567f38a921c3615de2d32cc7d2d7e,false_positive,other,Automated matching against remediation release
0656690e0c070a36f22fadf81ca0c894da653d15ddc9226081a0d1baf6155e0b,true_issue,other,Automated matching against remediation release
1f95b890dd5031000c89bbd7fbdf8ee99692ea1a5505e17820f0d1c9159f1eb7,true_issue,other,Automated matching against remediation release
48d674e880fd18d215ec1bf75a5c31683d904a2cbd6de35ae1cf41251367ac86,false_positive,other,Automated matching against remediation release
4c586fbce18127262098683957dbf7a1e795bfe1019af2e0320fa33b694a6b6d,false_positive,other,Automated matching against remediation release
e8d4075d88d19b30a7c28598b86fe45a84187e294415ab730c7ef763a53d8156,true_issue,other,Automated matching against remediation release
be35ba7f22e694b51f4260c934a1ef0c67f13d02d3c920f43f7cea1f88ea04e9,false_positive,other,Automated matching against remediation release
b5f1a0c4d2189f5ad50969fd71996fe56971e42b1935ea1ebf9eeb11ca196420,true_issue,other,Automated matching against remediation release
70fe2b9b6d180b65c947272a6a49a155b1cf2a564b05f738c147182a764b02c4,true_issue,other,Automated matching against remediation release
8cbd35fd8320930a7112af852c9bd93e9e2242be8f62edd7f0ca8cc4da6b6a68,false_positive,other,Automated matching against remediation release
55b8ad384fe7343f96a6e26b075880ce729529eb0515b89a6c8f964990e61ef5,false_positive,other,Automated matching against remediation release
0b58264c075b5adeb8d9345368f1a0f77da8c1a91275165e7e84cf40b09f6edd,true_issue,other,Automated matching against remediation release
6b255859db5df492ce9a99e83100ff633d2425444124dd536a39f0b362a67a37,false_positive,other,Automated matching against remediation release
04d14fc4046a48c491c807dabba7e9e1ace7dac0ef7d957a67ffaa4e0ae149fc,false_positive,other,Automated matching against remediation release
8d23a4d1da6f3a16554ddfdc6d7abcb71797ba28cf35e6a3468e88f390b3537b,true_issue,other,Automated matching against remediation release
101c379ff5742964d2e3defad3b64ee65f3c3ec91b07cb7d3f91c9bc633617ea,true_issue,other,Automated matching against remediation release
d1fc8e798b43f8f6fd9e6d39bc60365b0639d13f3f9d4a5918e87e27eafd0032,false_positive,other,Automated matching against remediation release
0fa5c83b5add4892f1fb8001e6af53ad5d570c75d21c484054b165bd6cff5f4e,false_positive,other,Automated matching against remediation release
4ead9d6eab623ca48ce835778ca95698d7829e9c41c845909962857d6b133918,true_issue,other,Automated matching against remediation release
9458517de1a4cdc480c7899bafc03a0a772f30d052862828be9b9954bf662023,true_issue,other,Automated matching against remediation release
5e645eab9ba8f31fe5e61d4e724e8570fe863d0b113dabb1b014fba490a0a659,false_positive,other,Automated matching against remediation release
c1552a39135c98ee9e3bec7cb087c49882b45f55d610e8e98390c00d7b632155,false_positive,other,Automated matching against remediation release
f7c59edddf2e41b81fedc9bfe8d418d7e48f0f560201d6c8ff73826d9d2baa17,false_positive,other,Automated matching against remediation release
35db47388e6dbde34bdac9f2c059cb849c864985ebacdb243efc55225c45f197,false_positive,other,Automated matching against remediation release
4d5b5c56ea7de9999b16a52bcc461888c936b6f1af068045f5abbee4cf6e8509,false_positive,other,Automated matching against remediation release
a2a94786f690715e60a68db1baa10dd5c22c615362f7542c0e27d84d82d5f1ef,false_positive,other,Automated matching against remediation release
8815aaa5aebc75df89b64d1018b9aa64fcdf6f2377aa73a557146902ebbead15,true_issue,other,Automated matching against remediation release
cbecc37a907cb221612eb56fc981babe937cf0531608d07f872a1f41395cc478,false_positive,other,Automated matching against remediation release
958c1a4ebb004a753086f5de8d2c8e7818f430b9348456c7d19e0f4be0ccc247,true_issue,other,Automated matching against remediation release
54e7c96ecc718024fb850754c5033ef99f16850ca4a184f8f66036dcb66fe1a5,false_positive,other,Automated matching against remediation release
e85f0f682281d116de3dff912c89ef6ee83056ac79590f9bfc076830640125e6,false_positive,other,Automated matching against remediation release
4ceadc4306fb843bd66722829b7ea3f052222de49ea7c6e25420c27bcd1d1842,false_positive,other,Automated matching against remediation release
220375429a2b16cdfadec284f5052940db701c75e49f2d407b35d39330cb61ef,true_issue,other,Automated matching against remediation release
e13687e66bac1c3549712ffa2d44487c04a98aa68ded9a0948392a6cdead1ecc,false_positive,other,Automated matching against remediation release
69d5f49f12e3d78ae29f940cbacf7123054254380522a2bdab42701455676365,false_positive,ocr_corruption,Automated matching against remediation release
229b243c95205333ad4504437742657b1e37db50d88d6a21d5bd7cc85b777bcc,false_positive,ocr_corruption,Automated matching against remediation release
63478d6e1be391c6f0caeb84cb331d741405afd6e1d109ecb5f4f3233f7a4f70,false_positive,ocr_corruption,Automated matching against remediation release
4145954274dc5994d5064c510865eb7a5a8483ad29832d3c1d8fa76da8acf291,false_positive,ocr_corruption,Automated matching against remediation release
09c047ed8c49c43c987c3698b70b461c8e101eb742c3b93cfc09d581a18902a2,true_issue,other,Automated matching against remediation release
c117c26015025b43833004e960c2373929c8a8a4ca7a9a440c4dfe9dc3b1b7ce,false_positive,ocr_corruption,Automated matching against remediation release
8b03aa862840f1510e71e9c41ac52e11add9e58a3dad899ab27a4d640595bc1b,false_positive,ocr_corruption,Automated matching against remediation release
7af633a0e53121e13f36ff11f557c2b2ca5c7edb10f4a7d5d0c6c64a4eb7fe7a,false_positive,ocr_corruption,Automated matching against remediation release
fc1c00cd9cf831cdc38114be97480519a88ab8e9118b2a8b4ed24da06512fb71,false_positive,ocr_corruption,Automated matching against remediation release
6a54c2dd45b23bfae4323bf95eb210e468b589db995be0abb00db73036e49e7b,false_positive,ocr_corruption,Automated matching against remediation release
9cdfcae8a152ca3adab6e32bd1d059069076b5e101cf7a03761ba61f9ac7686b,false_positive,ocr_corruption,Automated matching against remediation release
3dbbdd6db4be06b3e21785571d82c1cf3e0efd3f80f6cee382d8f72714662b04,false_positive,ocr_corruption,Automated matching against remediation release
ba810e8a5d9fa15415e1d1b346de9142adc99396d00b4f21042cd315ada7e59f,false_positive,ocr_corruption,Automated matching against remediation release
77b5795aa25a091150daa20ac1977af55595aed154220d49dff7389505c50892,false_positive,ocr_corruption,Automated matching against remediation release
b433368b2756bd46ef2b730218f942922fe5082dfd44df915bce8db52c6945a2,false_positive,ocr_corruption,Automated matching against remediation release
90ba4946e392f5b3a86cc4daba5904b4225ddbe068688cff9daf486666824446,false_positive,ocr_corruption,Automated matching against remediation release
90e3c21dac20b7a69e43d27a0def8ab37e73e5e1fd92a72ccb505dcc0fee7e7f,false_positive,ocr_corruption,Automated matching against remediation release
9f1559db9cadc24a777ebf66b222a257fd3d3737dc9beec331d97700f64fa737,false_positive,ocr_corruption,Automated matching against remediation release
65d5b22ebdef884dcbe5a0682c77c5c46365d5c7d98bbd32408ba6f29e5d7287,false_positive,ocr_corruption,Automated matching against remediation release
5857ef2e6a64e0a113c92eb4bddfec6cf1c6340a140293858348ed7be0439b72,false_positive,ocr_corruption,Automated matching against remediation release
83dd35b19854f71fae09f548337514ae869b6a3fe20120d0ded0892f4b06b612,false_positive,ocr_corruption,Automated matching against remediation release
b82497dc5e125d7efce96df8a5c0a6cb72f848d7171e7c564f6c6b92ca4360c3,false_positive,ocr_corruption,Automated matching against remediation release
f67d709b4f719af1aa6a97a80fc70461ba9e585be311b4b195793d32771dc2e1,false_positive,ocr_corruption,Automated matching against remediation release
7bfa5f89f0286a6fa331e50b02781e1003bbdb7cbc9d046e08a5c044e3aa2651,false_positive,ocr_corruption,Automated matching against remediation release
70a5d2b6011368dbd725c9ab2396057960930edbdbd4c4e15f6bfc4703ae8196,false_positive,ocr_corruption,Automated matching against remediation release
e3d6497fb6532c6dd956ed099dff6e7b6139c4f0a17f59ea0d9d19f29c8cf7b9,false_positive,ocr_corruption,Automated matching against remediation release
aae3002c469ec331e65158bf50fb97bf4679eb1a8dc09ce0a6cd6c8577a198db,false_positive,ocr_corruption,Automated matching against remediation release
951768d351291f23fd16836e729019f281106cf24d00029c8d94aca51abbfab8,false_positive,ocr_corruption,Automated matching against remediation release
90843c7ecf7a9cf0af821872f99ce8e0cfcabe67ed515a477c88852df3b4df9f,false_positive,ocr_corruption,Automated matching against remediation release
5590a898d04ef3babe93abea1c703dd03efd3158c66becabfcca1f477e473ce7,true_issue,other,Automated matching against remediation release
df8fa587d0538a27b9d2cf903a4b9cdd3cf606cb7dd01d0795381b9d4f214f0e,false_positive,ocr_corruption,Automated matching against remediation release
b0365843ad46a700a60984eea11d3b7a183d57362d450980cd6d6773a2c96f01,false_positive,ocr_corruption,Automated matching against remediation release
a3b04533cc8ec16ee8a89fd7f0756212a1c3d9b5d391a6bf254eae5a2b698125,false_positive,ocr_corruption,Automated matching against remediation release
a833096b4ace64610784b5f5f055de521b26432f22578e53e4c41b5b4f202293,false_positive,ocr_corruption,Automated matching against remediation release
91d57111163762e701e3f0b255af091abe0ae7f58550cb529f81e2a541f79eac,false_positive,ocr_corruption,Automated matching against remediation release
f06772b6bebab8d20ce1ea48ac3c122e7a8bad886b1c42902d880e38e565ce5a,false_positive,ocr_corruption,Automated matching against remediation release
dafc6f83c740e1edbef0e8332dd47b7c91a8f7bdb8ea84e0578fd470734a2a8d,false_positive,ocr_corruption,Automated matching against remediation release
27e73ecd9b526612f431601e107210857a9ef023c86ec43b1edfc34c32e18ca0,false_positive,ocr_corruption,Automated matching against remediation release
adb0b56a03065c5417388e54130e9051f560a4a66aced42468aa909d1ba38260,false_positive,ocr_corruption,Automated matching against remediation release
8cc7cee87ca34f675298b32c96b3316490e2543f07512a551fbcdfe98b2c63b0,false_positive,ocr_corruption,Automated matching against remediation release
ebf8ef0bec08fa809e64b5964536219ced63dad363345420f48363d1f1701d48,false_positive,ocr_corruption,Automated matching against remediation release
f18d78e7ecd5fbd4878a7cf05204cf078c5c0b272c63104980c25e861396f4f8,false_positive,ocr_corruption,Automated matching against remediation release
7653fea1cbece933f3a7bafc173b3b6c37dcad909bb0e2590a396344c46705d4,false_positive,ocr_corruption,Automated matching against remediation release
068b79ce3482b8f04cb4e3a06fec09fe8f7054784ad52a3c215458c83338c053,false_positive,ocr_corruption,Automated matching against remediation release
37054a1fd93de1733747851a0d7536bfe28b94334c85b29ade4b2040d8ac9210,false_positive,ocr_corruption,Automated matching against remediation release
ec5347b703cdaaa68ea0c79e9cab7e25e5656adb40b505811de80f63e2692c18,false_positive,ocr_corruption,Automated matching against remediation release
6db4e7b29a242b7f89703d347b59c8c1b50bc099965d299330fc5176443be5d7,false_positive,ocr_corruption,Automated matching against remediation release
c011a1ba55afd1a7873a64689b70dd9787a6fe369f0008db7edf8b20f2db78e3,false_positive,ocr_corruption,Automated matching against remediation release
c5f045fd54b0343990008ef291e1b297dd2267f7d17fa3758545bf7ac730d7be,false_positive,ocr_corruption,Automated matching against remediation release
66f39b66f2915489c411ec5087736674d5fa714dcc20c57876da396f6185e6bb,false_positive,ocr_corruption,Automated matching against remediation release
a5afd7bb744bfb312b767552ae47cd5d00c4a15adc378311d1a03e462c13905f,false_positive,ocr_corruption,Automated matching against remediation release
6eceb4ee0cbd23d24e97842c5f43108a3b2a14020ea852a40e7a501492fd4329,false_positive,ocr_corruption,Automated matching against remediation release
1b27ae42676a217fe29356312c84b9ad6b9482b73ec26e2055316ee4f0b00920,false_positive,ocr_corruption,Automated matching against remediation release
365a1588f6761dfb890c5572f3ee80012bb37e2a9d8f8decad56b66c070d4b4f,false_positive,ocr_corruption,Automated matching against remediation release
7793b78d45bb797dd03eef8f0340e89ebd15cf8166f7fe4c8481243ce5582657,false_positive,ocr_corruption,Automated matching against remediation release
f637c4b55856af021281c9ea8e1a5a843e84361c92ed965af4410a22676476dd,false_positive,ocr_corruption,Automated matching against remediation release
01f2559ef1879fd6b10aaca0d27dc076018a96374defbcd39d0ec994c97a2303,false_positive,ocr_corruption,Automated matching against remediation release
0f9d6ea6ced3c186ac57b500bef15a225610f43eda401c4edc9e272743c3aba5,false_positive,ocr_corruption,Automated matching against remediation release
db9c5b719a1a702dfd8bbdbd1bc3f871cf8f415c08911af8efb6f419e5adc29c,false_positive,ocr_corruption,Automated matching against remediation release
27916b98b7cec74a7ebf90360a288bfab0b714de0d51238f47fb8c1b70b9308b,false_positive,ocr_corruption,Automated matching against remediation release
78e45d746372f182190903a63d1668ac692ce48ca04ad75151700980498b09fb,false_positive,ocr_corruption,Automated matching against remediation release
c9ddb136612a1e268a04f6e1fa9167e5060c8e5d791b3264043b92a059be9e05,false_positive,ocr_corruption,Automated matching against remediation release
ef962057c53230b2f469c7ce78feb95160238476e707929e129915eacc372ad7,false_positive,ocr_corruption,Automated matching against remediation release
ebc14d0efbf0b1ed73889a55465348a167bd1ecd3ef5a95fa70a3d70b8b3cae9,false_positive,ocr_corruption,Automated matching against remediation release
778041c48066e72902ff2753db28d7471df570740a5ac5179a913203d801b785,false_positive,ocr_corruption,Automated matching against remediation release
e48dabc147cc106e320c7d23ffe1217b0361ea66bd725b0bc51c1f7179ffc1b6,false_positive,ocr_corruption,Automated matching against remediation release
8c8c30de4c008fb9412268a3ffb1960f652c3b461ad845260c7c075e7bdad41b,false_positive,ocr_corruption,Automated matching against remediation release
920adf29edcddffbdb6c66e650a69c63ff89dde946224dda13937df9c7ada955,false_positive,ocr_corruption,Automated matching against remediation release
9ce03df674a57cd97bf69bf3212653bf20b19f41f1d505c5dbfde7a41862a6df,false_positive,ocr_corruption,Automated matching against remediation release
28cdb1f07b66cf2d2c9e94eccef851362610db8dee8b46eb91be2acd84ff799e,false_positive,ocr_corruption,Automated matching against remediation release
c5ecb3a7a82e9bc46704ff214162d6e57a212421a8b613eef2f46a23ee5ae1a7,false_positive,ocr_corruption,Automated matching against remediation release
7444bd25f9400008177accaf401ba60235b061dda7069579ff9843c73a98aac2,false_positive,ocr_corruption,Automated matching against remediation release
dda2def03ad5e0957ffaf7a52349551bd6b2588d23c2f4b1215a49ba48b08db2,false_positive,ocr_corruption,Automated matching against remediation release
2d287534bda59aea0746fe1d61c30e907d346c10b257cd504ae79582b5838f86,false_positive,ocr_corruption,Automated matching against remediation release
539a18ab2d3ac7533d19a91409e085f3057f228f14b13470f1a68f4049c56a44,false_positive,ocr_corruption,Automated matching against remediation release
6105e34553533ff374ee7608994ef3ac3d440fd049bcdd70e808a0655450f03e,false_positive,ocr_corruption,Automated matching against remediation release
9dacb5dd5dd2224bae9d78bebb76695af9470507e3e4b291fde4a2b8d543e550,false_positive,ocr_corruption,Automated matching against remediation release
5e134d02b8cc434ef11a3ba29be358fd6ace0d7d1961a20eb93b837cef62f83a,true_issue,other,Automated matching against remediation release
3b0fbb49aff4c41cfddc689f4db6277805a0c29453db350f9836496376c54b38,false_positive,ocr_corruption,Automated matching against remediation release
0cdc2e1e3b85c6300020071be145b2c77cf72ee68d9fb85c629f42983662aae9,false_positive,ocr_corruption,Automated matching against remediation release
abe42fc32f8566f17a8c60e2c89c070a29cc7dda7a020de5cc0fd4e97b29195f,false_positive,ocr_corruption,Automated matching against remediation release
6ab569e9b8b066c55f8e45cbbbba339256aed89686ed4eea4d931dc780fa3f13,true_issue,other,Automated matching against remediation release
7e8840fdee8ad01330c23ab6ccadbb21c0c2186ad23ce95fab748665c1ca2d82,false_positive,ocr_corruption,Automated matching against remediation release
24bb36612140bb72515273463b37f447fd7c77e256e5eab3bca255aaba3d3c81,false_positive,ocr_corruption,Automated matching against remediation release
85cc63f6891c1e6f1c1607ba00e0c6feffcd2536c489f9cae7cf1d4e342e39b8,false_positive,ocr_corruption,Automated matching against remediation release
b725a2121e317f40e4d56f50cecfb65828cdbc0d37fab86545ad2963302ca156,false_positive,ocr_corruption,Automated matching against remediation release
6b325833c4e124dbd96fe348c4dd7720391ab191740f17d02615b8229f4ac44a,false_positive,ocr_corruption,Automated matching against remediation release
f57e89d762ba92c623f7474de87747a5d82d4d5b7345d9e9f15c323db5cddbad,false_positive,ocr_corruption,Automated matching against remediation release
2fbf03ed7b11e8dd9885f80ecfa3e7f5bcdf14d3144140b17e467db3ecc2498b,false_positive,ocr_corruption,Automated matching against remediation release
cd6e448e9e5601e80b228610faaf64ac07b56848dff09c790f7f920f4773503f,false_positive,ocr_corruption,Automated matching against remediation release
58fc7880c8fd7a7db85d3e96e8f2e20a387929e45abba82f945d30b6bf39616d,false_positive,ocr_corruption,Automated matching against remediation release
b4d0f741309aec27e8caad572e87d347ee00ad68ec4bebe7d40b8448c01d8828,false_positive,ocr_corruption,Automated matching against remediation release
05a97077aeaaa954f2c77cb66a75f577842e2c69a797b81412fb09f523dc19fc,true_issue,other,Automated matching against remediation release
198d55294b8cc1a09cc214231a2fd8249493941822375a712c3e6cb72fd1aa6b,false_positive,ocr_corruption,Automated matching against remediation release
fa08bddcdf1ad025fd7813c1e3e0faa51d124776dfb2f08f8fc2a9facfa1eb01,false_positive,ocr_corruption,Automated matching against remediation release
43cab95e06211987fd4c457d67fd76f4b0a2608a34226aa1537125631c390c9e,false_positive,ocr_corruption,Automated matching against remediation release
a82ddfaaf5668124e841009bec9f41b04ee76186c2b6d3a144255c433b8e882e,true_issue,other,Automated matching against remediation release
439db52723ce58deb8174d7632da01d3e9c0e2a7a45bd65999d2cf5359a7c7e9,false_positive,ocr_corruption,Automated matching against remediation release
24ac3801b762adf9c8e036853439be8632ab76e2dee54c583a5147c72f4f8167,false_positive,ocr_corruption,Automated matching against remediation release
f73bf39f6e72f90031db09b68767d8ba6c94ccb24766716a21749da2ab95bedc,false_positive,ocr_corruption,Automated matching against remediation release
f561cbb3ec6e9423fbb0d2ae80b9e96aaa0512eef9a47ec0450c89727acd3820,false_positive,ocr_corruption,Automated matching against remediation release
16fff127992e5ccbe8d45ac366be91013dbb5afaf172e96b577329f47341b091,false_positive,ocr_corruption,Automated matching against remediation release
2c0add5be722041e7be67107520cace20c6f5f0c5d54ae6f01da9a36c3643fc8,false_positive,ocr_corruption,Automated matching against remediation release
8a1fbceaf1fb562d6f856d721ce58593b68aff845b57a68f367e888a7219e52a,false_positive,ocr_corruption,Automated matching against remediation release
164fb8227766b850bd87e03982d2b1d04e5886bfa882592226251aa3d5e97ff1,false_positive,ocr_corruption,Automated matching against remediation release
fcc4e44fa813f90ef1683f990234d795efa7b0aa6fbc025c2b827ee2c5dc7c88,false_positive,ocr_corruption,Automated matching against remediation release
4641a1ce4c94085c0ec9dd3d093f1a8250665d21aa8c83a67c77f753446e9dcb,false_positive,ocr_corruption,Automated matching against remediation release
f03c89e253ff9e156199d9ec463c1a60e58d89388429943bb01e14750c3c563b,false_positive,ocr_corruption,Automated matching against remediation release
c90c298a9046c0207e0acb7bb3bbb8afb9f8e7aade4c671267d3d919a02f545b,false_positive,ocr_corruption,Automated matching against remediation release
fadee6d32e576eb238f779c32f7b2d3027fa9d06cb09f89a64848545547da1f9,false_positive,ocr_corruption,Automated matching against remediation release
ce44c2a33b3ba0dd8add453875cfa7a02f6635239ce5b468e459f3d75a5c5fd2,false_positive,ocr_corruption,Automated matching against remediation release
7be8a5905dce32c5a2d26d4fa00a12aee6975075a49690cdf5e8708872045714,false_positive,ocr_corruption,Automated matching against remediation release
34812297fb305f39e24519452be7e474d2011e194f92659f3e87b10753401166,false_positive,ocr_corruption,Automated matching against remediation release
b05b09ae753be6e3149e05700af028f11a4a04fc7fcab3be306484328a759e19,false_positive,ocr_corruption,Automated matching against remediation release
4ec623280be95f72c098dcfe02956d3abf356fba69a90e9ebbf26907cf3bdc4d,false_positive,ocr_corruption,Automated matching against remediation release
f88d2a1d4b724c54f97058215a51c8b183bb371527365bafab4276268be11dd6,false_positive,ocr_corruption,Automated matching against remediation release
a6943fdc4a29ed5b6d12ae6676ba0dadb453e9da985c78b607340d837191b6b6,false_positive,ocr_corruption,Automated matching against remediation release
f6cdecb81c82fdd6bcca83515c404e801b445b670042e7a3c0cc534eb1f51152,false_positive,ocr_corruption,Automated matching against remediation release
3dfef7edd5ffe69ded1915c9400bb53e23dcb172a41d4771f6ee0105baa705d1,false_positive,ocr_corruption,Automated matching against remediation release
7bd1b93040a28870700206e95cccb305209337ec14d783172c69ac03d6bcfe8a,false_positive,ocr_corruption,Automated matching against remediation release
6491847d3a8959f179541262e5ff26d56bf55bd8d759fc08f96ac4a37998f05f,false_positive,ocr_corruption,Automated matching against remediation release
6353284c0df428c0a955081d6e2abde9b3dec2331b22ab445110a83d89c32543,false_positive,ocr_corruption,Automated matching against remediation release
0e1ee01aba3857241935965b27e61b00e55730fb1256039931d7ec6ad19ce46b,false_positive,ocr_corruption,Automated matching against remediation release
53e36912b42da0354f3ad28f6ce5cab3b81619e4a208f5be13381ef5ca1ccd7d,false_positive,ocr_corruption,Automated matching against remediation release
cebcbf3908616c53e8e9ad237800b45cf9480c92e122c79768f3200c42e3bbfe,true_issue,other,Automated matching against remediation release
f21765232e18b5fe3fd3f95e808cef518908500cab9284ae9714169f76cf202d,false_positive,ocr_corruption,Automated matching against remediation release
04adab9134d29d429915d231bf5335c55c86f4d54fe5c4017ee33b3e1a731356,false_positive,ocr_corruption,Automated matching against remediation release
5b01311efe07e0379214f3b142622df8a922df967554534cba0d7e1be34f7ba5,false_positive,ocr_corruption,Automated matching against remediation release
4e6e4c0366978de01a9e035502b4ef78792e936e5096fabb18de387ec33ade12,true_issue,other,Automated matching against remediation release
5ced99c0d77fb5604ee6012eadf54302bf009c6f2c0e61545d399f7b79645fce,false_positive,ocr_corruption,Automated matching against remediation release
108249311408bb61989997b121428e922c86f1da684de5c875e9b98e02cdce2c,false_positive,ocr_corruption,Automated matching against remediation release
d4b428978d37b5261557c2d8775c45b1c8aa41669c55f63cb4b745985b540759,false_positive,ocr_corruption,Automated matching against remediation release
6b9ae3c32e037a4274380bcf723d9d1e4087b36089c6b595907fddbdeb59d6d9,false_positive,ocr_corruption,Automated matching against remediation release
6341644917eff7758238c4ba02fe05a4f48a6f510aca3e462a4be7f65fc5a707,false_positive,ocr_corruption,Automated matching against remediation release
d89d826f5127e9d589e7bed63f23de97040cb844094e173dd7771bd563d410cf,false_positive,ocr_corruption,Automated matching against remediation release
2eb3f50c97afe8f232733734f7da64ca6733bfa301071acb4f56427adb41d173,false_positive,ocr_corruption,Automated matching against remediation release
9b2a7a8957e787630e08698fbbfeb30e45ffd02a0bcabff9b7ec48060a1dc3b6,false_positive,ocr_corruption,Automated matching against remediation release
e7f42e3ff9c19c175a0a810af311a77c3ce98ab9d277398e893ad34eb301b3f0,false_positive,ocr_corruption,Automated matching against remediation release
ce743e64c2cb1e6d0867f527a6617d9ac207fd21758249e30cbfb346da3d35b9,false_positive,ocr_corruption,Automated matching against remediation release
b6baebafcd3209e548a0e18adf3b082062a6a817f7001298e6e2adf79e125542,false_positive,ocr_corruption,Automated matching against remediation release
4ca06f804e2354c1486e46b48c4942840e9a11e19037d020653d48a61f5aa298,false_positive,ocr_corruption,Automated matching against remediation release
180eeb6d367f678513d611d1b40f7203cee24a62c76e8c442ffcc90e58c6b92d,false_positive,ocr_corruption,Automated matching against remediation release
750779f6cbc159b9eaddc81bff16f38a420288b7c381e151487ac63d15168c52,false_positive,ocr_corruption,Automated matching against remediation release
eb108815f08de882becd7b9a85f6ea640b97471c372876de814ac5ec76f64fd1,false_positive,ocr_corruption,Automated matching against remediation release
0a8ac5d8c78f61064986c5c804ed7e7fec67edaf4aa5097ea41be151a4505de6,false_positive,ocr_corruption,Automated matching against remediation release
915b9622303db9a1c835ef7f19d14c5daf3ece4ce79b3bb92326eecce666af59,false_positive,ocr_corruption,Automated matching against remediation release
c42aaf55b1e37c61912048efacab27c6415ab32b8218340be1278c5f4b1b7458,false_positive,ocr_corruption,Automated matching against remediation release
931b182dddd19f5aeac531820112c5fe78a54f4aa0d33313662476101c84ca3d,false_positive,ocr_corruption,Automated matching against remediation release
85f82ee9d77e01ac11588ba5b8cd5f9bfd09b3336650749353aecdc4ec59426e,false_positive,ocr_corruption,Automated matching against remediation release
726cfbe06c2441b884208c88a95340970df875c295e51efd374e6f4f4dffac0e,false_positive,ocr_corruption,Automated matching against remediation release
8d0a8fdfb0d846db28a330e6122bbcfe1e5d7168cc923721a927f94c4c4714d3,false_positive,ocr_corruption,Automated matching against remediation release
b8cbbb40ae7a0d14c9586ad92be311cdf278dd1332b6bb763c9cc7c2dc46db3e,false_positive,ocr_corruption,Automated matching against remediation release
980ff5363ac6136c2bb0bbd7890b718f61475cd1444517d7cd7062d99c71f09e,false_positive,ocr_corruption,Automated matching against remediation release
e1f12172134c5a2fb59961a2da360f8d9555664471c6fcfb0a9c11b3b571a2bc,false_positive,ocr_corruption,Automated matching against remediation release
b7ff9a1f24517c67798f54470ea84ddeff92689edf21aad00054251b0a4a5824,false_positive,ocr_corruption,Automated matching against remediation release
25215cc35b3560ef036b5a332d4d4c9e6ae291961fc029041269b4342812dc41,false_positive,ocr_corruption,Automated matching against remediation release
f4425e3178f6e6e3a647bdc079ddb0c12bc761a9e6db21f465d49b3d3be4cf36,false_positive,ocr_corruption,Automated matching against remediation release
20d5ab583bc3232c1e74f219d25834e733da5b23ee2e67e49bb34d05c8f81960,false_positive,ocr_corruption,Automated matching against remediation release
8849079045ee1a5b86e905f8d94e9d99a586e6a58a7b59001185b1cc9241c454,false_positive,ocr_corruption,Automated matching against remediation release
6dae0b9a29dd5939f9434ead09090dbb11c8fa257c9bf7af34585602214fc01e,false_positive,ocr_corruption,Automated matching against remediation release
d36861f9800807d6bfa0086fc6cabe2467285999e443883ece06327637538fdd,false_positive,ocr_corruption,Automated matching against remediation release
a99035c5d234189f3dc02ed4590c8247cad391f6afed788c3a2eea54932f58b2,false_positive,ocr_corruption,Automated matching against remediation release
5c6d9ea813c9015674ac39af3aeb73a04b86665b2a8ae3929fe5be0937ecdbd3,false_positive,ocr_corruption,Automated matching against remediation release
345f063975e9b32420445bb046f668f74b7dd1d73015e22330610521320772e4,false_positive,ocr_corruption,Automated matching against remediation release
09683c3b0f814cb67db9b429fbd7eccf5c7fca39548afb21aa6a4ccfa990104c,false_positive,ocr_corruption,Automated matching against remediation release
4f71cb4d21af2185ec89295e3f5f400e3c4d191c24aa5e19da64b2da13b218c3,false_positive,ocr_corruption,Automated matching against remediation release
08fc930e8ae135d117d3d334c8072c4e7c86f023c32dab51653461de2eafd946,false_positive,ocr_corruption,Automated matching against remediation release
85dd4511f10bf52250533df2b811cfbc31c876d1ebccfea030cb756d2182ac42,false_positive,ocr_corruption,Automated matching against remediation release
9b7624adb48967c7b8884bbb31ec2c69751781dd4932ba430569d00085e5899d,false_positive,ocr_corruption,Automated matching against remediation release
a1bca1a6b448c6ea7d1ab43335bf6fe638cd01493af7e562e59313780bcd7afb,false_positive,ocr_corruption,Automated matching against remediation release
48fa5d8b5bd7ad082c9b48a6d7e3f35c0f970d23a2b40d2994c129ae5a8c2d57,true_issue,other,Automated matching against remediation release
e9d67e1872332087c81115dc871cb05d9af5eaa3a0d5774361b8b3f2f556f130,false_positive,ocr_corruption,Automated matching against remediation release
2faaef4995c71f2f3b876483a697e4addb9d898a234e8f3fba0dc6ee14b0d3ec,false_positive,ocr_corruption,Automated matching against remediation release
f6df288f512eee6f04938762a04d7394d427c0e2eb17661c9d0133d11577d06f,false_positive,ocr_corruption,Automated matching against remediation release
fc18d2ea3d8fe7a637c1fe2836ebbb09ea4e9854eb38db3950855704141cd188,false_positive,ocr_corruption,Automated matching against remediation release
b3346764b2550cc043b634c9e2652ca264a845778ca852389b2eb1cb5809c863,true_issue,other,Automated matching against remediation release
018bc86c217461a2cbd332413654427c377c6ba43934fe0214df2b152590c8aa,false_positive,ocr_corruption,Automated matching against remediation release
0157f4949f353ae3fff12efdf2766d5567a4be4a22405dae71e032725161f50a,false_positive,ocr_corruption,Automated matching against remediation release
f40a3d963c89079223f65e0c493a830b578a7754de18742d35c0ed36274a2c76,true_issue,other,Automated matching against remediation release
74867604130c55e4c491f0935e8368722a65b19c01b3015e3f0c54b4b2faba9c,false_positive,ocr_corruption,Automated matching against remediation release
a6336f37346f5c3681bcce71e0d73cf2dd21a6f8796f070c36ea71def0ee6416,false_positive,ocr_corruption,Automated matching against remediation release
d5c651d8011973841665e81a53993e543b59f8ae580d00667eef85dc0e69636f,false_positive,ocr_corruption,Automated matching against remediation release
8771df2efaa1ed7832c9e4dec616bac94a14624f4f3061b91dd5ce24a8e6eb62,false_positive,ocr_corruption,Automated matching against remediation release
b0fc4d95e674a2d335c48092944bc2bf074e58752a1e0efe5b8465ec24a6ed76,false_positive,ocr_corruption,Automated matching against remediation release
957aab09668fc843f110393956e888ddd146c1e050e0a1e54ba27cc43bb882e8,false_positive,ocr_corruption,Automated matching against remediation release
f56791ad693bf98d73b3fd8073f5f58e425f62a66f97e5807e99576853565a8f,false_positive,ocr_corruption,Automated matching against remediation release
d9119229ebb1c68cca47d02407431ffdeb7e2b6bdfbda53d71ee96fe2736ee21,false_positive,ocr_corruption,Automated matching against remediation release
12258e1e2aa2b47225cf6baeeb1b5f24b43a933c85c8c132448bf30891613a82,false_positive,ocr_corruption,Automated matching against remediation release
4796771783d3a8289fb7b00fea45153c87a48b68e0e1cd2ba2eafd19ac08d29d,false_positive,ocr_corruption,Automated matching against remediation release
fcea5c59a793d27ad65fb8195d6cc6bb2f76d087fa07f153ca06520dfcf64386,false_positive,ocr_corruption,Automated matching against remediation release
f658181bc8db30a80c1ffcf8550031837c9308e03f91560f802c42f3811a36ac,false_positive,ocr_corruption,Automated matching against remediation release
4dfdccace12d6d5ded59f7d732bb9cd1d2c61076ebed695e02783ddb56218b96,false_positive,ocr_corruption,Automated matching against remediation release
9bb663f5c67495d23736ff97aacf7bbb063aba9bfe601b904706fa198dd820a0,false_positive,ocr_corruption,Automated matching against remediation release
4fb034f3e433a83830182f4fecd9eab02941db6ea2599e8bcb6e74b9766a2582,false_positive,ocr_corruption,Automated matching against remediation release
ebab0b35737defee68106c17d427a62f9927f9c32422b1ad96fe576050e0f347,false_positive,ocr_corruption,Automated matching against remediation release
7fa11a47181c4a33fa06e88decb3ed76e75924e884292f16899bf7c51841ef4e,false_positive,ocr_corruption,Automated matching against remediation release
4ebccdbd1d063c85937e2d6372b8e269ff7f5081308e41d12c22b299bd933b94,false_positive,ocr_corruption,Automated matching against remediation release
e94b92b5ea24e804a4985dd440bda51ffd42fc915e656af28399bf5d65d0becc,false_positive,ocr_corruption,Automated matching against remediation release
1a0ba67de7f8abc3b4a5ab915aaa5da71c524d0cf1d6e5bc3855bb5eb5d7de62,false_positive,ocr_corruption,Automated matching against remediation release
f25e4c1d340d765db531955fe3aeaee6e1550e36f8c7c6f7e7826fb47465667d,false_positive,ocr_corruption,Automated matching against remediation release
935c5befc547ddc1be70a4efaf4dad0f11c75a73c7d635ca50825667fda39a9f,false_positive,legitimate_missing_value,Automated matching against remediation release
3efa751817912351c0f536219ac2a1057011fc07174c0b2c51cf9f2c6a942e5d,false_positive,legitimate_missing_value,Automated matching against remediation release
a899dc5f01c9455373fa04848a6624499abc7bdbca0fb1f71f911fbea1b1ee72,false_positive,legitimate_missing_value,Automated matching against remediation release
becd7947994df5c17cc43f25c83290035a8c257e71612e1397a21f6ad50d4ec3,false_positive,legitimate_missing_value,Automated matching against remediation release
45a5c554299d21c07e1e83693aa6d4c342258c1326068a426d78d80d5fc08d8f,false_positive,legitimate_missing_value,Automated matching against remediation release
21964a35d09202ac7a79549a48035147aec8f5fbf57d92c293db62ef65e9dd9e,false_positive,legitimate_missing_value,Automated matching against remediation release
821afd5a5b536a59e357448cb018f09f75cf08085a41e95fd118279572a89b90,false_positive,legitimate_missing_value,Automated matching against remediation release
2fd8c9d69458c9d3004e72a3e4e564369108de9ccfc63b60b2d7048dc0e3b1f0,false_positive,legitimate_missing_value,Automated matching against remediation release
cd41a1a75745542cf22975cb25ff28426c42cd47fbcba0a677c224de874001be,false_positive,legitimate_missing_value,Automated matching against remediation release
18d48c2f874c7a6450c1b87c58ee2a85ba64f34c0dbb4f749ad11560f9cb6175,false_positive,legitimate_missing_value,Automated matching against remediation release
474a8289f15ccd8988dbaf7ef803725dbfa0b3572b4970f3171d16560261451c,false_positive,legitimate_missing_value,Automated matching against remediation release
3b158ef74cd39fe4703d05b0567db635d49e748696b33b5bdd0e55d743550c5b,false_positive,legitimate_missing_value,Automated matching against remediation release
010bdf47572caa01339ebd0de6371943c397e9222a0794d0eddbe3147306d668,false_positive,legitimate_missing_value,Automated matching against remediation release
391996fe4435979eadb9511c7f714bc5bf90bb48093bef60cfaecc6344b9eaca,false_positive,legitimate_missing_value,Automated matching against remediation release
17e0f8960b6cea5e46cef51172c2a975c1c34e1b3c1bfadb6c42fbc68d213f8f,false_positive,legitimate_missing_value,Automated matching against remediation release
9f619acaf6f5dcf48933ca374c8d73587fbdcfb9dc5de768587a23d0ebb23d44,false_positive,legitimate_missing_value,Automated matching against remediation release
8c5361e498176a66bcfd3bd306862cd34a435ea1047f7d05792926dceccc9ef0,false_positive,legitimate_missing_value,Automated matching against remediation release
87f32aa532c99380c0fc1e8bc17735b47796eb589fe25681a51435e7eb613caf,false_positive,legitimate_missing_value,Automated matching against remediation release
6826675a14415792d71ce6b0fe96559cdbf9405613a28ea15cca0161919f50e0,false_positive,legitimate_missing_value,Automated matching against remediation release
056e42d7fd6e6655c27dc92d430b8a0dd8d9cfdcb439af6ee72470996cecbc34,false_positive,legitimate_missing_value,Automated matching against remediation release
cb9248612452454b02bf170fec84c21208da11372e1c1f68a19c99e6e887819f,false_positive,legitimate_missing_value,Automated matching against remediation release
1f46d393046c30a3fdcb98e91a9695867a1c162a7df401fe1cc13fd0045b7080,false_positive,legitimate_missing_value,Automated matching against remediation release
069055ab7880d9aca20502ed453b353fa025c7b5c440d175219922e0afe9f619,false_positive,legitimate_missing_value,Automated matching against remediation release
cd857ecbc3231a675581ee1cb3fb0c5970c4dd8711ffad633192602793b7e4dd,false_positive,legitimate_missing_value,Automated matching against remediation release
629ec58cb0a24d21d1754fd64e65a1e9f49bfd88edbc1fd9d441b8c0bc2bc89f,false_positive,legitimate_missing_value,Automated matching against remediation release
1576560255e376bc8ec907d088e6495f223db07cce5dfe5e8f5ed560ffa5d0bb,false_positive,legitimate_missing_value,Automated matching against remediation release
dc168618e1233145081fc663e30ef62490a9557ed0d1bbc22d96156c3f9584f0,false_positive,legitimate_missing_value,Automated matching against remediation release
c49e3901ba5a90374a07e9b6d3be033b3af6973c831d51e1c95173391546f3a3,false_positive,legitimate_missing_value,Automated matching against remediation release
26a1f9dba1db58e6593b8295da466ecfa763a18265d2fd2b22ea9d1588fe3cfe,false_positive,legitimate_missing_value,Automated matching against remediation release
3218656433ab5fd15195db0a8fc3acac14a22d9cd8b95d266648d83f519045c5,false_positive,legitimate_missing_value,Automated matching against remediation release
b1e15e2e485dd4b49cea1e3111a1a016bda9edd36de4b6726029f55b8fca24eb,false_positive,legitimate_missing_value,Automated matching against remediation release
34cd2f58e33d115cac51d9fa502f5b4bd5b9ecd167ba3920949c29197642b275,false_positive,legitimate_missing_value,Automated matching against remediation release
331910adf3792d3dc6efda5a8da75326d086e0e18526b6d7992e0cbf016022b4,false_positive,legitimate_missing_value,Automated matching against remediation release
8d923e91d6cea31fbe617920971ee9067cbbc072cbdccfe3ddee1f9af4e642da,false_positive,legitimate_missing_value,Automated matching against remediation release
141181047b29b0729dde505930bafad316e0454933a35d1aa8b8da6cdf9ea5fa,false_positive,legitimate_missing_value,Automated matching against remediation release
8dfcebd2cda29faa81c3e6d10f13ca49064b803b2d36d6775c4250af073b4e58,false_positive,legitimate_missing_value,Automated matching against remediation release
d153e2e3f7ec0acbf203a06e1b616c9985b7a57a6f4f46063872ecb4c46a10a3,false_positive,legitimate_missing_value,Automated matching against remediation release
9e515f04e58d58c6be467d9ce72bd773440999a23e4de6007a5244227dd7d295,false_positive,legitimate_missing_value,Automated matching against remediation release
2ccc4f43d3d6897227caf44aa9d319633cfdbb8951c7dc8e62cbc134f3a44a82,false_positive,legitimate_missing_value,Automated matching against remediation release
f9d2424405174d8df148a282b6927da94c55225a895f85143e01cd267320b49c,false_positive,legitimate_missing_value,Automated matching against remediation release
df8ceca94790b366a18936c412964c87b7452af0cfee2c34becb5bf05358b0e8,false_positive,legitimate_missing_value,Automated matching against remediation release
08e6fc609fd78c1ee4b8f278fed7d3633c7b6074cd978db31288200148c9ce2e,false_positive,legitimate_missing_value,Automated matching against remediation release
3eb50f75e60cf03ff6eae00a00b903747e8c48b868567ceade0dfb71508acc65,false_positive,legitimate_missing_value,Automated matching against remediation release
afeef59c350db711d414b7b5d8e8f818ebafa6c6d186ab121ac0c43f729e8910,false_positive,legitimate_missing_value,Automated matching against remediation release
7ba0f9af3d1ee1fc37425d1e46c95121b04af61b6df5acd04068d6661d690f52,false_positive,legitimate_missing_value,Automated matching against remediation release
322223b1593f9128282f5d94ccdd1a47cf7c952d4ced3099524692ffe6553e3f,false_positive,legitimate_missing_value,Automated matching against remediation release
9438fc070a40fff6c9d65a0b524e16fb2046ba5a4893b049ba5db08ad99d4dd0,false_positive,legitimate_missing_value,Automated matching against remediation release
2317d4ef78e531e34182590b695cfdd53d46853837ead4374ed68c2bae6514de,false_positive,legitimate_missing_value,Automated matching against remediation release
c20ce22d15135a6d729594ba630bcff3c65f14874f2020c84ebd1617b4ad3034,false_positive,legitimate_missing_value,Automated matching against remediation release
068422e820967f5007649a678be0c7ece74c754459da6487e6ac0003ddd2495e,false_positive,legitimate_missing_value,Automated matching against remediation release
3d6a935b54aea381942b172fc389f313345109b5ae13e1c31b3ce51c7b220f5e,false_positive,legitimate_missing_value,Automated matching against remediation release
b444a38590a9d778a3c37442d314b26ae978046d5e775a8684e4cf098c1fcabc,false_positive,legitimate_missing_value,Automated matching against remediation release
2ff69a93223f597f1eb1ce019c5ecdabb25197d5b219830f7af0a980f83d195b,false_positive,legitimate_missing_value,Automated matching against remediation release
243bfe8dde98104455e8690c71f8328d2490ea7d5168c3d709925598aa370c82,false_positive,legitimate_missing_value,Automated matching against remediation release
c803e15b4d766b4cf0ea6c9b6bb9a5aaa43ceb21ad51ce460370594e088bd6f2,false_positive,legitimate_missing_value,Automated matching against remediation release
355f518bc30d92079cce7d2fa21f9f2f49dba402a8f8ad8fbd0d721dc8cb9116,false_positive,legitimate_missing_value,Automated matching against remediation release
f136d6be948926e63294ac197d1e92b8df660ffd8c05d0a6434de94d56e00fd6,false_positive,legitimate_missing_value,Automated matching against remediation release
d131d36ab7e8992b5dcb1f4409da0620142b1fb7ba2e1ce65022841dbe9a8bc3,false_positive,legitimate_missing_value,Automated matching against remediation release
b6c39b0002452eabe26e0a114c7629ab5498a99af46cb185814723c65ea55711,false_positive,legitimate_missing_value,Automated matching against remediation release
7d914d7fad2e4e208984379a81e5371da30873301aa55b918cdca298f2836adf,false_positive,legitimate_missing_value,Automated matching against remediation release
3e4a93c148e687997bf40070ccaef22af0dae88b731d5fe70000562af8d3950b,false_positive,legitimate_missing_value,Automated matching against remediation release
e79062deb8a8148559e4f6b8626eda802fc9d4a4a00b5fec4bc365709313762f,false_positive,legitimate_missing_value,Automated matching against remediation release
5126101ffcb02ac44247fa35f3b152efdc2db4755238a80032b7d14111fe1010,false_positive,legitimate_missing_value,Automated matching against remediation release
5bac6404c596d8af4ae8b52b426c5206283cb7d69d4cb28b2870a47881540108,false_positive,legitimate_missing_value,Automated matching against remediation release
0bc965f8aff9f742dd5c29382e4e9ad09167a224f6354ee4e3d33f2eed7aef47,false_positive,legitimate_missing_value,Automated matching against remediation release
963bea6eaab71936b77ace7faf90715e2edeb27b95d9940ea26a1344fad2a8fa,false_positive,legitimate_missing_value,Automated matching against remediation release
1df42f209892d182171d7b7b2c326f2bc3203ee33e68c67b7eb3a3cac90f98d3,false_positive,legitimate_missing_value,Automated matching against remediation release
34ffc1d6392e7b50d92a7ea9400b0c0d442d0046982733c4406968e5277fd5e7,false_positive,legitimate_missing_value,Automated matching against remediation release
0dd08a880c3ad39734cebb85a7d2473b15c6bbb50b29c56877a7cd67ea0e79ef,false_positive,legitimate_missing_value,Automated matching against remediation release
8d836548eb510fa299efc2b60619cee3528bb03f5a17fcecb8b6f1db94ec6cfc,false_positive,legitimate_missing_value,Automated matching against remediation release
f9d43391b4184ff8668aca11365978832aee055fde93f528541e282e466e1557,false_positive,legitimate_missing_value,Automated matching against remediation release
04f370dad79276d5164227bcd8ecfa3a289d151fd63170c4d897a541677b2cca,false_positive,legitimate_missing_value,Automated matching against remediation release
e2b7cd4a3ede2e04c3cfe674f5a3044b17c4a6e4446069cbf21f1a99ea7dfaa9,false_positive,legitimate_missing_value,Automated matching against remediation release
e69f6abff7f711807e687bd85b9c2c39a3fe785d6607eab34146278b724dcdc3,false_positive,legitimate_missing_value,Automated matching against remediation release
d4cd00d7df4355d3790e20a430142d59082fba6624da64b8e4d56b3eab614513,false_positive,legitimate_missing_value,Automated matching against remediation release
ea3a6bf1526f104341532b6b7ba03a8bfa9eb02576db110828858d2758c9da6f,false_positive,legitimate_missing_value,Automated matching against remediation release
143fce5bdbb8e5553347c5203361bb9ae39ac87119b62563fd4258b66f332f4e,false_positive,legitimate_missing_value,Automated matching against remediation release
ea2ca3dadffc2ca718cbfe67946d8981fe01f9ee417f3d7d0a7bea2005d2c98b,false_positive,legitimate_missing_value,Automated matching against remediation release
e26caaf57b7275e6c99661d1b9a771fc9c5b39b1c363865acb311f2d6acd67cb,false_positive,legitimate_missing_value,Automated matching against remediation release
39a87fcf1b4978592cf8ed67637408e8134cf6a89943e7c660e0d678600c78c3,false_positive,legitimate_missing_value,Automated matching against remediation release
98c7ad72dd97efb38413102ed3ff8564b2928fd162303ae7c0ed690c4ea12b36,false_positive,legitimate_missing_value,Automated matching against remediation release
1e4fd41ab8f668d889e10113da3ffc9682894873b7e6fd0428e3fb67ab9560c0,false_positive,legitimate_missing_value,Automated matching against remediation release
0834d5e8a70a18efd5d5a5f30d413650a9f41feeb2e0f19be946669cdeb1eff7,false_positive,legitimate_missing_value,Automated matching against remediation release
1d420e72d740bd8db3897d8f15c0334c14431c451a7c09c9251eef36a8e2e0c7,false_positive,legitimate_missing_value,Automated matching against remediation release
236f18f4bc86a41b100790144a3dc2466d9699125a7b6570a9dfdf9b520626fb,false_positive,legitimate_missing_value,Automated matching against remediation release
ab94f39999239de33b96495ac4dea9a4096e79938e59d853c995dc11f4fb0e26,false_positive,legitimate_missing_value,Automated matching against remediation release
2f4b422161f896417589559bd958f3b2c7a36aad791b180b51784d2bda114c80,false_positive,legitimate_missing_value,Automated matching against remediation release
d1c9d2b78a1e7c2440c744f94265f8b3834dcb9acae146eff954fda2ef7b34b5,false_positive,legitimate_missing_value,Automated matching against remediation release
6567df77508ce2f3a8984269752931a2a6f21dc19627d7b41508de36cc9294d5,false_positive,legitimate_missing_value,Automated matching against remediation release
4ca9009caff931181f2ffece9781c55c1da1d13fd74251310077f22d66dea0a6,false_positive,legitimate_missing_value,Automated matching against remediation release
22f1928abeef34a2a4354312fefe449a616f16010526b776b3b9ef53f1f6d185,false_positive,legitimate_missing_value,Automated matching against remediation release
c464506d4bb32fee044817074986dc92641b1eef650e8726a97cfe2280c1a1db,false_positive,legitimate_missing_value,Automated matching against remediation release
9f059aed1ce02b5aa5643c4e39e7b7a643af7be5240aa24674cd41b0ad9f3c2b,false_positive,legitimate_missing_value,Automated matching against remediation release
45585f37e8a056bbcd49a7555062ea1b1195be330399b6374e803685358c65e5,false_positive,legitimate_missing_value,Automated matching against remediation release
45f3be15646e20aea21dcf773690c05dc40f3a4bc2edab8bb3f46bf0cbf977a4,false_positive,legitimate_missing_value,Automated matching against remediation release
8fdc76c0be00d5c46213dec1a60620beaf235a930816614cced45e857c9e6f98,false_positive,legitimate_missing_value,Automated matching against remediation release
908d05b33c0ecd444d3266cb51e4050032ccfb3f7949067efe2fa8d3e8d8fb16,false_positive,legitimate_missing_value,Automated matching against remediation release
206346a7dfe0b6a9488f55253f8aa73623dc645294bba27a35fee902652e2777,false_positive,legitimate_missing_value,Automated matching against remediation release
bdf908a984ee7f74083bb58a0201c642681665c47a62dd8cc3cdc73c92100a43,false_positive,legitimate_missing_value,Automated matching against remediation release
fc49a90f19b77c833c146940aa3742961cc4b2375399c7c37ad5832e86454529,false_positive,legitimate_missing_value,Automated matching against remediation release
f026075130fc5c88f271f46ae9417edfb60772f3f25d008d2e79ca3d5348aecd,false_positive,legitimate_missing_value,Automated matching against remediation release
15070b1c1d1f6c2affefec4375d44d3d6519bbec9dd5724dead46affe481f0b6,false_positive,legitimate_missing_value,Automated matching against remediation release
a104d392ab36dfb516a9f3a487cd51b6bde652fde0de04ac5b1ae938b14c9086,false_positive,legitimate_missing_value,Automated matching against remediation release
f3523aa19ac9de7b9a7f2d216abea5761ab1dd34a602c999ab9b115be2876e36,false_positive,legitimate_missing_value,Automated matching against remediation release
9a5d9ed90d9909e63ea57d315ffa0b212d3de0011ab32e0fd7161f392e9433e2,false_positive,legitimate_missing_value,Automated matching against remediation release
1f6e78d67f00002bfe9fc9696208eb57e16147c290b3fe19ae3b81a1fc3fa290,false_positive,legitimate_missing_value,Automated matching against remediation release
5d7ed7163baf29a7c806321a3ab733d3abf4256ee1b8d305bbdaba7aa143b31c,false_positive,legitimate_missing_value,Automated matching against remediation release
018958e7b6a18902ab0e8a4c7d8e972321d3896f27ac9d0dc06bc290333ef95d,false_positive,legitimate_missing_value,Automated matching against remediation release
977b19e6659af349647bba48c2c50960ac311fac6ea038754dad8ed5ca456e38,false_positive,legitimate_missing_value,Automated matching against remediation release
7df309114fbe9fa1ff321f8107988afb4195f0bf568a638bef39e889e5614cd8,false_positive,legitimate_missing_value,Automated matching against remediation release
27458d853b18ed1dcb7f2a5f395235a37cde038c1f74394c23da68f0e87c4d39,false_positive,legitimate_missing_value,Automated matching against remediation release
9c1fc7ebe4a192260a19474318fc7745fe609417fe281fcf13a82688b8b2df64,false_positive,legitimate_missing_value,Automated matching against remediation release
873fb00893061fcfbbc2431ee568ff92e6ae711253b46c7330fd4dabc502dc01,false_positive,legitimate_missing_value,Automated matching against remediation release
c95cd7baea52f53463b26d3e0063b45888fd76dbee992aaf94817f8be13b66c7,false_positive,legitimate_missing_value,Automated matching against remediation release
1136dc30cc1b2084e6584cd2f1cf9f4427b0d4f38343a298ba51e4632a2f5af9,false_positive,legitimate_missing_value,Automated matching against remediation release
a5d497e08ea242c6a49eaa3e79c8b41188642baeb52bf54679a4a7341863be36,false_positive,legitimate_missing_value,Automated matching against remediation release
cbe2c5677cee45938f5326a0160ea4864e240248a9900ff9542ac89eea4ae578,false_positive,legitimate_missing_value,Automated matching against remediation release
dfce735aa50d7cbc2cb3b179208bde0afafaca31dafa77b4424e78167aa8ff18,false_positive,legitimate_missing_value,Automated matching against remediation release
8f9b5bc678ebe7b1c3b6fc239d7b31d170b87cbc26e02a411512563b1fb00f04,false_positive,legitimate_missing_value,Automated matching against remediation release
c8c24e2b5af74dc2ef20e665feb74eac2fa2954b1cb51aacf3a01c4b2811b12b,false_positive,legitimate_missing_value,Automated matching against remediation release
69589fc249c763cea559a1ab4eee425937ffdd8b3c0ea351b240e5a16316a9c1,false_positive,legitimate_missing_value,Automated matching against remediation release
e1b967c29da4d5ac5d067d0845eaa5b3f78b48ea3fa847d511b8456fe119ae57,false_positive,legitimate_missing_value,Automated matching against remediation release
764e24d768be3a4593c2fd66537742538abe72392743a0626213108e89f51321,false_positive,legitimate_missing_value,Automated matching against remediation release
9c60dfd214fcec0d2269b3dac984f839793d8e4d71629be8239bd74b847b6776,false_positive,legitimate_missing_value,Automated matching against remediation release
cfc504ba4d59d989b6b87f0ac88ea788e192bd6b1f98a24aeff25068974a97fb,false_positive,legitimate_missing_value,Automated matching against remediation release
10bc532f65a2f70466e4506f97b84680c1858710fffd81885fbc4ad0e3fe9474,false_positive,legitimate_missing_value,Automated matching against remediation release
9bf2f7c4c2ffdbfeda801915d7ddbaa97e6f308289c4cc328cb7f08365a2c67d,false_positive,legitimate_missing_value,Automated matching against remediation release
59b8ddc451b7d669fecb5429f900c31bdaf7a8ddeebcb77f6bb837fb243d64ad,false_positive,legitimate_missing_value,Automated matching against remediation release
896c9686a0315fe84b486a4cfa69de4859bd2a34e51302b7265a96900a1a11c1,false_positive,legitimate_missing_value,Automated matching against remediation release
ba29ba08dd910665873e1cb14e37094620c2f207ea3edc36127d1cbdb3ee054f,false_positive,legitimate_missing_value,Automated matching against remediation release
8aaab8f1f895245509aa94ac30afcfccb062eba846a594e98c444fac0d9d60ea,false_positive,legitimate_missing_value,Automated matching against remediation release
664f4a7686eef08794a2f79bfcf02b3da2164cb9c9b63f2238a3f5897a327e25,false_positive,legitimate_missing_value,Automated matching against remediation release
77930bb9fab83830f83abddcf37bdc241aee338079e7ffa607a3bdec126b0a36,false_positive,legitimate_missing_value,Automated matching against remediation release
519ff2a5936ee9179704c04c022b6a80b59f3077e3150e1895ba08fb5b83b87e,false_positive,legitimate_missing_value,Automated matching against remediation release
21d8c8be403960687bf68bdd91491bfc441d2138234a794b7228d2955b78ee6c,false_positive,legitimate_missing_value,Automated matching against remediation release
5837fe7b68dbf173b2ae1f80b53dac4d17ab2ba9c1a311084c6e82c2e22fc43f,false_positive,legitimate_missing_value,Automated matching against remediation release
de9b6ba73c0afecf9e4e63e373e719317e356c6fd1e27d2a8f96af75f5521ee1,false_positive,legitimate_missing_value,Automated matching against remediation release
e7387191c68285962a6843f761ba3d0073f7c92e5bfb6af566968767d6ff5b19,false_positive,legitimate_missing_value,Automated matching against remediation release
28280e8b7834079b31996d28d3cc642d6d077dcec3352c5e94e907238938c5b2,false_positive,legitimate_missing_value,Automated matching against remediation release
a5dfc18cf12c89ac2fa84f87cd896a3f107782b1c228c435372ca57f708fb138,false_positive,legitimate_missing_value,Automated matching against remediation release
2b1c3a09667d0dc8da6ff4f40346fe70d353f5050985ef4b3f4316545d35247a,false_positive,legitimate_missing_value,Automated matching against remediation release
958dca673c6633ef3fb692052e5d08d476ca7fd2753a251e9d6c77e1b11a518f,false_positive,legitimate_missing_value,Automated matching against remediation release
efb39cdc4601ec5498a96771e340ab360dd6df633c80531d3fc334067285ba0f,false_positive,legitimate_missing_value,Automated matching against remediation release
734dd97b426ed7fa548aca2d20b2b833bc3ca61f978ba4881e475ba5c69999c8,false_positive,legitimate_missing_value,Automated matching against remediation release
e901b296c0b8edcfb0f6b48d08356c96e636096cc2c259f80c1708f83db7a6a8,false_positive,legitimate_missing_value,Automated matching against remediation release
88babdc93c53463e1645d86b8f44fae6e55303f4f81a68c07506d624f97588a7,false_positive,legitimate_missing_value,Automated matching against remediation release
50b32d1a5287164465c3c4ff2276e4892c0c4f4522ec18f19748a606a51ff2cb,false_positive,legitimate_missing_value,Automated matching against remediation release
0ecac6a68e6f80ab8c264043e076aa1c308cccf9c002d27a72b90ee7803d1aa0,false_positive,legitimate_missing_value,Automated matching against remediation release
09590b98facfa41f2ed409ec02abf8f53e92270a3697503fe2be5f09c912d8a1,false_positive,legitimate_missing_value,Automated matching against remediation release
396331d3a4d1aba1e8b83bfc46c5e371dee90fc5edd71825a0ae8995465ed231,false_positive,legitimate_missing_value,Automated matching against remediation release
f14fd825f499cd80c7764cdfc519a134d1a5008208393a013151a00cc1242e0b,false_positive,legitimate_missing_value,Automated matching against remediation release
5e81ea613e1b4a7b4cac328f9693dea07a6218587b043799069a01544392660f,false_positive,legitimate_missing_value,Automated matching against remediation release
5dd773b00ce977d9ed7ff4a37f805af67d7ee768748e796659ea59adec9a3ef2,false_positive,legitimate_missing_value,Automated matching against remediation release
947f7c0a807f1f53c5c41f9ef05e7a66b60dbf2486b3896f48911af909cc5381,false_positive,legitimate_missing_value,Automated matching against remediation release
06c9e56a53b6dd3411310f47795caf3383936471a15aaa78675cbe54ab9c230b,false_positive,legitimate_missing_value,Automated matching against remediation release
ef05ca116ac130bd5d5998b7488c36e98bd94fe1481ac1be134ef8695f1cf838,false_positive,legitimate_missing_value,Automated matching against remediation release
b29ac26f1935922e1605232baa814e3ffeb789b2068bd3cc820a314f0283f8d9,false_positive,legitimate_missing_value,Automated matching against remediation release
cd4f83ae8615b289bf2a31faeaf1803f6285abdfe6e4e75a5e2c0b639c4e5206,false_positive,legitimate_missing_value,Automated matching against remediation release
1d3466ceb6d76a5fdeff9b744845713ae21f51998edfb5b065500fbed60c665a,false_positive,legitimate_missing_value,Automated matching against remediation release
f6ee701d1bf48d85e44089195fb6b613fec67db671677e990e90a1dbf799d289,false_positive,legitimate_missing_value,Automated matching against remediation release
022041bed935834a9f3e77a51497169596c0f75443b29f8587bfb9f3cd02a06a,false_positive,legitimate_missing_value,Automated matching against remediation release
3fd6ae3bed4f929c63701abf455478ed34ef6d2ba6e2ba76fa10204561c17b31,false_positive,legitimate_missing_value,Automated matching against remediation release
32968bbfb85270bbb4d714aea5ebd4626adb43061061e0d13c988f0c18de0069,false_positive,legitimate_missing_value,Automated matching against remediation release
a587ef0dac1b8791e597da5db992ab624f6cb2c49d8e0289d12d2bfdd25df616,false_positive,legitimate_missing_value,Automated matching against remediation release
4e55bf16cbb45c8c37334897222a7c8cad882591cc114a2ee6a0e3fc6064d891,false_positive,legitimate_missing_value,Automated matching against remediation release
ba7cf25fb3951bc8df4d1fd76756b1ca881011571bd6007c4cf3ebae186a5a0f,false_positive,legitimate_missing_value,Automated matching against remediation release
f0ba2e2a6de30c6249f3104487b358412458ba07614f7e8c79131d180bda7fb5,false_positive,legitimate_missing_value,Automated matching against remediation release
58321af3e308414806dadb1c70bc86475c7f21fe67b7ee054915224092fc1e3b,false_positive,legitimate_missing_value,Automated matching against remediation release
dca06c3287b26d18e342acf7f00730c07179aa3a53aa493ed02242e2f69157ab,false_positive,legitimate_missing_value,Automated matching against remediation release
5b250b6e9a6913b2c9688c5119a954332d3ccca3a66db72f65d5623e7f1c6753,false_positive,legitimate_missing_value,Automated matching against remediation release
8d600543b0d46c0f675b8c79d33249387fe156b362dcc73fb3b3d310a8df0506,false_positive,legitimate_missing_value,Automated matching against remediation release
e6d6c3b3f885bca65f92ed3b60cf7cfb4b06afe66308f49f9e94fd0f1ce9017f,false_positive,legitimate_missing_value,Automated matching against remediation release
83f1402c7aab3410cec519730cc98550a17d8a9cc37716626d8c27316d9b272f,false_positive,legitimate_missing_value,Automated matching against remediation release
36b0d33e553d70fb746ff43012628bded6a454df28ac5e3488f0bc50e63e7898,false_positive,legitimate_missing_value,Automated matching against remediation release
a1252cd9d28e56aa2f9134b36703f761bf780d8b540b34103974efdcd30e5941,false_positive,legitimate_missing_value,Automated matching against remediation release
c7cc8b8515bb03b3fd8bda704a1e455a046bddefc820ae15110efffd2387df3f,false_positive,legitimate_missing_value,Automated matching against remediation release
242471b48031d4c55e47bf43df66370dbef2386b7bd3ea2f2faf11841b19de28,false_positive,legitimate_missing_value,Automated matching against remediation release
e93e4f5dda1840009579f633a815444498d9a6366928c24a80713d2aca0910d0,false_positive,legitimate_missing_value,Automated matching against remediation release
61ce0452492e9ee10703d5a98da32e524d1a487c9abf6c71b0b8ea456866e48e,false_positive,legitimate_missing_value,Automated matching against remediation release
0eff02657fef7925eaaceda7b81a7106a04b4dd8950f96898d6f6061fd4cf5fe,false_positive,legitimate_missing_value,Automated matching against remediation release
8f3edf158092740177a1d6efc5ae3eb2e5df3d1c19dc10a61b277ba26cb0ccf7,false_positive,legitimate_missing_value,Automated matching against remediation release
b13f13b502c078be27025c6953fba3f6848faac1f59b35758391164fcf4c1f9a,false_positive,legitimate_missing_value,Automated matching against remediation release
569620d0dc87becc55b50e8592aa136b6e9414b894f329c3a1b673615e4790d6,false_positive,legitimate_missing_value,Automated matching against remediation release
f2dd812f60724890a55bdbd00bc6f558735eeb19063dfc5f9fb8b242f03d4f83,false_positive,legitimate_missing_value,Automated matching against remediation release
c967eff83b52e4f8aec092f2474b2a68d16d8098b1cb6b082afbb9d2a7e8a9b5,false_positive,legitimate_missing_value,Automated matching against remediation release
91344441c8ad75b714fed338a0589d5500d8275e0df701d3250b4cf32d4c1a41,false_positive,legitimate_missing_value,Automated matching against remediation release
10b860eae756c63e790c77b5236439c3daddc0b770b97c36e8a0ba39c1348a32,false_positive,legitimate_missing_value,Automated matching against remediation release
667fca558abe9ecd862eac4ecbbefa6fa6f81bb1b260de4ffc2e0d8c8e902d6e,false_positive,legitimate_missing_value,Automated matching against remediation release
a74047c7101d918ce8ccdf1baa91500ef28e5109de97f165d912293ef7716026,false_positive,legitimate_missing_value,Automated matching against remediation release
47a47575640838b2ca8b29f0a3bedfaa889c67fbc1e758213bb16bd5db45f36c,false_positive,legitimate_missing_value,Automated matching against remediation release
55f8944a67b1520a74c4589468587d7bb1659ee9dfcc9742b2a23d374c6cdfdd,false_positive,legitimate_missing_value,Automated matching against remediation release
b6f2d9674d3a3d028b6e9f4d37509e07afee6eb18e14f558b985824bf9b22879,false_positive,legitimate_missing_value,Automated matching against remediation release
982b4433cd21b2ec006e038157554c50817057763507bee3528e117294e1f912,false_positive,legitimate_missing_value,Automated matching against remediation release
97163cb805ca81137f4dd1d6c659067e54b9395cb8bf0f70b8187290ee595105,false_positive,legitimate_missing_value,Automated matching against remediation release
283a924dc13f35482f7f3d7848b72d88bc44f10e72c291ca72de0d5947378d7a,false_positive,legitimate_missing_value,Automated matching against remediation release
b20dce8ef303c61c84f82e29d6752dc3221de444c76cbc2098f7a2e3f8bc5782,false_positive,legitimate_missing_value,Automated matching against remediation release
8cd54052ff837e77db9ace9a38206b7783f9e6e5b1ead8201436810434dbcda9,false_positive,legitimate_missing_value,Automated matching against remediation release
e9ff9a0332930c24aa9aa4a13b6c18b8b6c3b7b3ae00efcea7948682880b66b7,false_positive,legitimate_missing_value,Automated matching against remediation release
3cba2aabc44a5cec7077b24a76ea6b93e205d0c8973e0ffb94e66994bc1021b8,false_positive,legitimate_missing_value,Automated matching against remediation release
2cb663317aa30249927ee3edaa4b6b19b9c920dfd72c7cf7d88ddf78975c1184,false_positive,legitimate_missing_value,Automated matching against remediation release
e19281ef74a7914e7d1256608a5f7418b9b9fd50ad4fe9413e7aa4375b7c8264,false_positive,other,Automated matching against remediation release
1ca2bd731693e65f672a61bcf208531b39b5c6ae313c559aea592c11be66c2da,false_positive,other,Automated matching against remediation release
4bd4c0a6237db1ee722814c5766b83daafb10a264f2efb167bcbae2036a2e469,false_positive,other,Automated matching against remediation release
1b3adac4f1a869699bcc0cbed77977f0620aa9b3cb13ce47674f6794ff5e3db2,false_positive,other,Automated matching against remediation release
8e89f971d4989414f4a84a9531865331e2f15199fc2eb982f48691a1c85990b6,false_positive,other,Automated matching against remediation release
272e30e713fdf7eecd5e3a9951ccd1d1d5bf89a5e9cf90f39d760080e6881b58,false_positive,period_missing_year,Automated matching against remediation release
0c4299367bb2e12a59d7727502ac3169057b84a54c8726418b47cb7d65b36511,true_issue,other,Automated matching against remediation release
c3b4549abc0981002c2cd1360d2024c606c6efe078816e4e4df7a33aa9a121fd,true_issue,other,Automated matching against remediation release
ebc41991eb6f7f441a6b9c708d02b9771555d49c2bf9449362b0b41bb4d58ddc,false_positive,period_missing_year,Automated matching against remediation release
4a0a0455f9d3a40a2016b0d16e70acf144ad0dc330eb6c619832bb3075f270c0,false_positive,period_missing_year,Automated matching against remediation release
3885fc711a1bb83f07c2c14003e1dc0c0b7ee2d790f7b897fcfffef78b898d1e,false_positive,period_missing_year,Automated matching against remediation release
ae81233d4d8ea525d37997b830716dea594d6fe6ea9ff5e927d9bfb3099ed32b,false_positive,period_missing_year,Automated matching against remediation release
98485a56246c449fe12ef30bc52de96f7c4ba039847cf9432a858070e277037a,false_positive,period_missing_year,Automated matching against remediation release
1dfff58115176b8b8a44f1d4dfe232deb17704f8eb5b5959f48753a526e73b00,false_positive,period_missing_year,Automated matching against remediation release
4e77b0713cbee241b11b93b55e285814a68d58c45c8eacbfcac0d03546acff3c,true_issue,other,Automated matching against remediation release
4be98e07137ffb175e2f250a59e874dc7155c0b64c8f8ea8f3f1b48df937848c,false_positive,period_missing_year,Automated matching against remediation release
1051d6aee852d56ea3120fe127520abc540e52030a691d185d776c6d0eae2e60,false_positive,period_missing_year,Automated matching against remediation release
e330070bf0a74655253730956c7f11c2ae1a6e0b6b5520b749d75e12abe32831,false_positive,period_missing_year,Automated matching against remediation release
fb0a3ab234528dff8825e963760d70a78e637116a12b966f10eb5a41de267343,true_issue,other,Automated matching against remediation release
a37b64e41f535695361db421e4d275be552f8113d1871ab5f1e914d9787e54fb,true_issue,other,Automated matching against remediation release
9152f1d8df0381dba9e32bc5801c922f9f2ce9d6377e3c99d071d8ad02442f7c,false_positive,period_missing_year,Automated matching against remediation release
48770cc6121a3b1aed6a9547bd89c56b86c98b6408815759a0a058f9e680400e,true_issue,other,Automated matching against remediation release
0a9fc1a1a18d272d0c06ddb955e9cddb38aac9f57ce00be2e315c49d835da9c2,false_positive,period_missing_year,Automated matching against remediation release
eea0644720d86a8d384576f1e4a0aa8c4bb3c61ab3bdce4df091440f1f5b8e2f,false_positive,period_missing_year,Automated matching against remediation release
4d9a84fae2e1b72efa58e9b27ddcf8e95a900b7cedeb93b221aaa890f3a5eb6e,false_positive,period_missing_year,Automated matching against remediation release
66e55ea84185485167e9087861604ad0cf7b52560331a7bbd67e1d2ccbf5bd89,true_issue,other,Automated matching against remediation release
b5b80f64d68d4867be3ded892033287ec19de1cb34fa24a74a185ea7982aa29b,false_positive,period_missing_year,Automated matching against remediation release
9e777dbae351ce5a4bffb574afc9372feed9a4355da5836ac0c9846e9cc0ad02,false_positive,period_missing_year,Automated matching against remediation release
ba98a8490a0658a6c06a6eb84def24bcc3647a43ddf54ce1613c0be6810772e1,true_issue,other,Automated matching against remediation release
6388270b200590ebac6009ff9f1adeb66b7450b11e66fb0a12368199633379ce,false_positive,period_missing_year,Automated matching against remediation release
59092399d694f30164a8f0251471cc68c8d9735457bf978e80c51d1c7a3cf9ec,false_positive,period_missing_year,Automated matching against remediation release
a4f0a79fb4b870358c6123aa6523f8e63c1269ad2e78f94626b387da4d97c57a,false_positive,period_missing_year,Automated matching against remediation release
5fc9a4121f1011f48cb11780e8f2839aa9110f1f35f21af096c2aef2b1defab4,false_positive,period_missing_year,Automated matching against remediation release
0329d4ec56438849ca397e1b8b72900fc81cf824ab60fef7aa5e822c3d462518,true_issue,other,Automated matching against remediation release
f29879a73a959fbcce472fc71ca786e263721078d94eb387fab4e52fc9008974,true_issue,other,Automated matching against remediation release
8a6b5c32d8c596f81819815a0778747e04625f41096a2b4c4637653e7f785340,true_issue,other,Automated matching against remediation release
04db5b05347f63c08f9197c4ee70b73199a1046475c2a0bc64d25b14709610e1,false_positive,period_missing_year,Automated matching against remediation release
7ed3453a8e2a61d488402a7c29863ce2e33ec03c643d0d7fbc8b9442dcfecbdb,false_positive,period_missing_year,Automated matching against remediation release
bcabfd8a17063d52409388ac001ae3060eeeb4fa96d34e5eb723435d8b14d13c,false_positive,period_missing_year,Automated matching against remediation release
bce3f376e9cb85eb0c72487724a941eb24be8553ac7e9fe9aa2527a8ff6df27b,false_positive,period_missing_year,Automated matching against remediation release
34d0959fca52947af91aadceb72dca3f11cec3baa8ba700a0ef23fc3bc8b3dee,false_positive,period_missing_year,Automated matching against remediation release
cc023afd54d124ae248cbe7f555ca19f79713714920a6642db65c5895c5fa858,false_positive,period_missing_year,Automated matching against remediation release
f37e99e1a11e017cb60bc838177041dca70f289edebd8aa6a5680f94cfc2d8c4,false_positive,period_missing_year,Automated matching against remediation release
89c45a3b697023dc766bc88627ffb02a2094966c1d93052cac6dae3475b4f3e2,false_positive,period_missing_year,Automated matching against remediation release
a3b946e9cd795782b13b18be8455fda5d18d9e5585929572242f743bba21c315,false_positive,period_missing_year,Automated matching against remediation release
e8b68348cafbc43857f2b9c07e61ac7fd5a9ec5b0c86d7c33c66e8a54324efad,false_positive,period_missing_year,Automated matching against remediation release
9ef4d8a8af67073f209439c984c945f293e68d9ac46b58fa30ef9af4ff66dbbd,false_positive,period_missing_year,Automated matching against remediation release
cc83f915eb14086f4ed67c8414b646742ccd00898ad2e104960471488fe4a7b1,false_positive,period_missing_year,Automated matching against remediation release
7f17e1cd4c239c1bcc3d08970879706a62e009174a3e243096a3d8879b446012,true_issue,other,Automated matching against remediation release
71a5788d22d572544c4fee2177e56f95960bfbc0e649559b16c829806f8adc5e,false_positive,period_missing_year,Automated matching against remediation release
c0aec823b5673ada23d566a3f7466ef66cc0a715a7a03bcfff2853c217230e93,false_positive,period_missing_year,Automated matching against remediation release
485d211a53cd396a9ddd0c9d8e250411148ad104b4e3c377d97338ac3ecd088d,false_positive,period_missing_year,Automated matching against remediation release
d79cfc66b88d169c562ce779cd3e26b12007382f4606fbbb3b004f4c946173f5,false_positive,period_missing_year,Automated matching against remediation release
59985e816dff015bd66838461308ebffdc20182042999f5639161b00ba318ff9,false_positive,period_missing_year,Automated matching against remediation release
7e9e3164eebed35a23c76b17ae8a92bbed00dd7489a4c73b2529ad7a1354eef7,false_positive,period_missing_year,Automated matching against remediation release
3ea726ea6943036130677be3bea86282ec41fa829e1a49ef51a14647f7f60ae4,false_positive,period_missing_year,Automated matching against remediation release
7a7ec037801384349fc70ea5e78c42656115db93830b9d07b80f4991ea14e980,false_positive,period_missing_year,Automated matching against remediation release
64dcbf0b4e9e51549fffba2ecdc1ef6bcbc95681b33d78744dd8ba0dd74b106d,false_positive,period_missing_year,Automated matching against remediation release
06cd777e828f9a4a0518069af26ae28d900da0c0d19e28f36f378085974c9049,false_positive,period_missing_year,Automated matching against remediation release
0b5354394a9e0ccec01f69f0b45c8cb18ce1b65dc6cc2a3ad93a97a6128e534d,false_positive,period_missing_year,Automated matching against remediation release
40161b9b0a3534394aa0be0a62cf67b63e2c4d269c564ef7fa3047cdfd06789f,true_issue,other,Automated matching against remediation release
cd34a22d98d9d7796a74d41fa95b2b5df6b7ce304441e9706a873d337113c2bb,false_positive,period_missing_year,Automated matching against remediation release
277decff97f1ef0f7f8d93d184697cc6bc9335ccc1e4d2c1e12e9c2d439caffc,false_positive,period_missing_year,Automated matching against remediation release
b4c3a07330af3ff0c2520c619cbdaf2bab7c8632799a7ecc2b76f3030784d997,false_positive,period_missing_year,Automated matching against remediation release
2bdeaad1cf2805f963cadb325ad426a78d7d8c292d35b2d19a37b22f128427ba,false_positive,period_missing_year,Automated matching against remediation release
7bdfa2de9a4c6c6a75090557a18f059a7d58b3130f9a8923af75dd2627267983,false_positive,period_missing_year,Automated matching against remediation release
bc3d5aae5adf5c98aa3f1266453cfd6e00b698ad1403aa343c29ea70c17e6f4c,false_positive,period_missing_year,Automated matching against remediation release
6b5993d4ba7646aa5868f609c7abe9677b2477c458d1ce7400e8e6c6f506ddb4,false_positive,period_missing_year,Automated matching against remediation release
a85a2c4e1d25a6091e71dd585c4d04380d5cd198b4a8a609a8797352554ca289,false_positive,period_missing_year,Automated matching against remediation release
08520e77b6cdd6a29158c7acf5855bd14626cb83c32fafefa04c2f194b841f7e,true_issue,other,Automated matching against remediation release
1ba6ab3e45e03c707e2c9f004e39b654e74bac669b77c054612d4da77e10eede,false_positive,period_missing_year,Automated matching against remediation release
bf4e192852a29492a8bb07847ae0a26ee51a3fbd504338f47e5a4b82b8af8b4a,true_issue,other,Automated matching against remediation release
919ee0d35f4cbf8c55319e60c303e523e6cf876a2b87d1827c768eca1b8d1147,false_positive,period_missing_year,Automated matching against remediation release
4fd7ab84975a43352151b7c229b5ed7f79537989b76f1495c371c8564df09fb0,false_positive,period_missing_year,Automated matching against remediation release
754dee47ac386ec723f0ee186eb1ac00e683eecaf004d1b99087a0fb1718cf3d,false_positive,period_missing_year,Automated matching against remediation release
0929392ca49ec8c47a2a92b353065655c8d188e4e7a0bc97dbd3f4104a0cce75,false_positive,period_missing_year,Automated matching against remediation release
7b32bf9ca61bcd0c156f3f8a03e9eed324ff763a9980a2a8b84c4d177e4a1692,false_positive,period_missing_year,Automated matching against remediation release
3949746a57f5e0b13de1ffadd7d5207bd5cf0fce9448c193e6f659d9510b70bf,false_positive,period_missing_year,Automated matching against remediation release
0e4daeaaebc1ab47c597a7b00bad38b6e0b7595468a96bd8af3e2254f390f2d1,false_positive,period_missing_year,Automated matching against remediation release
0ea71f635af4329584e532eb6d7fbd1b2f9b951cb591d5951b2468aed2c00392,false_positive,period_missing_year,Automated matching against remediation release
10252509a4a747628dbe348858dbe096da78e74314a7aed3bc2dc0845fc50e07,true_issue,other,Automated matching against remediation release
32050baaf0e27d23d69c12a663fe59a5c87235bab849354f65984a800f377320,false_positive,period_missing_year,Automated matching against remediation release
1195b0c0e4bafcdb4c88e2af9fa2ee18bf4d857b0fc9034d5d3120a89113a601,false_positive,period_missing_year,Automated matching against remediation release
d56e213a272d691a3b5013a9e142054517691e582011ef6758448fa99475a1c3,false_positive,period_missing_year,Automated matching against remediation release
e7873c239f5582673fc1354ba08cbefc21ed24b5c05ebb59783c045cdbd80275,true_issue,other,Automated matching against remediation release
6612d836c213f43c487ea0440113fd119e921776e34d5708d2d9ad5f9de77124,false_positive,period_missing_year,Automated matching against remediation release
62bf08d9ac8b399bde7fdc3d9b263e8c3a1482939bd22a25243b9fa06231f371,true_issue,other,Automated matching against remediation release
d5795c708bd732bda9fccaf19923f03bd1c903f00c7d6f519f1a0b44e0571cff,true_issue,other,Automated matching against remediation release
3fa2ac713ecad6b082991fab8a58213ac471d1abfb3786aed8b02a058ee6c3c5,true_issue,other,Automated matching against remediation release
019a68bc7ba20f4a183be74adcb39e19d0c8014146fe5295421ea742e397ab8c,true_issue,other,Automated matching against remediation release
ad09f3fab19dcf6ebe264592300197d0487c51f9609939afaa4db597c0e11ef2,true_issue,other,Automated matching against remediation release
df98e5f768f1f3d6b51fdee92f9fd7ddef8178f5da4781fe0f6f6cc07007e4df,true_issue,other,Automated matching against remediation release
768daf2601994cb537313c489a79a359fa5e99176d68cc7d163c1429a56b08df,true_issue,other,Automated matching against remediation release
ab43aba1383ae6938622e450d959c16cd45a9e0c57d28a76204aff337302503b,true_issue,other,Automated matching against remediation release
f9ab098d5f96f4ba7160284983abc38c25a0e563fef7511433bd492fe946122a,true_issue,other,Automated matching against remediation release
ea70efc4758ee3437ed9c79a26db2f93d090b7b9f7e8162058add27d30e0ffda,true_issue,other,Automated matching against remediation release
d4e7bc34518d8298a0eebc235cc3bf05260780f85eae49c0cd234571ffc95240,true_issue,other,Automated matching against remediation release
75015369f9864048e337130b524ccae8592d1d6d21e6fd7ec3149de72ab30e48,true_issue,other,Automated matching against remediation release
31cfadba90099040e53919037dd05e9e60fede84aa3ce2244f92dc3978c8b4b0,true_issue,other,Automated matching against remediation release
5fd5f605ff8ac37330096529035d70c5b33c0eaa7a5ea139b44c4997ba8c4043,true_issue,other,Automated matching against remediation release
e4055a8757fbc64f98c5011c308ed056fad4e6c64accec816aaf2f4e1c92ebee,true_issue,other,Automated matching against remediation release
873dca0a611154b3e623c2a27097e67d9bd660c01894c053fbcb7660558ce38b,true_issue,other,Automated matching against remediation release
34dabce8445c163521aa5764d9eb384d2b95c37ef1128a13071802a9a7a93e9f,true_issue,other,Automated matching against remediation release
a0483d245ac804d45fe9458afb5759c227b9cda7e94ae3da945258ed76d30c24,true_issue,other,Automated matching against remediation release
1a9a7c92a83d83d12987e597d18ff79190dedcc857cfa6e03631baff510acb4e,true_issue,other,Automated matching against remediation release
fd7f4d2aeb839d843eb487c2f467d65a05286b0c1ae5c2891d0be0dcc4499f46,false_positive,other,Automated matching against remediation release
531d0efca4c0819889c8e2cda075c6202df6f53c68d2a91d98b974f57205da96,false_positive,other,Automated matching against remediation release
91d7faa2218dceea86377eb76800d81687fcb5a4ffd10064f56739841bdf5766,false_positive,other,Automated matching against remediation release
31bb83126f5d3426a9454807d634d619b3ea0eb2fd77d3f0b4a0d5027356fa1c,false_positive,other,Automated matching against remediation release
ab1a131d866df94902c9b26f28992d908ff2c254c3c9ddb791d9f2454f13a25c,false_positive,other,Automated matching against remediation release
938ac7fc3662d92336c8f1bf31b33ad5b2ed9f21626f2b2385bd5916c8613450,false_positive,other,Automated matching against remediation release
19eeb363dcc83b455b4fda0136aff9af9e012ef31a246a87fd4f67a03c7cdc69,false_positive,other,Automated matching against remediation release
ac5dbf437ee2c07d0ccd07357b99d2386181992c750c5fd5f945b4f67e3ee468,true_issue,other,Automated matching against remediation release
e1c211306e65b2804155d389135a85d086e295cd525d8d80086915784485eb9e,false_positive,other,Automated matching against remediation release
16b18bbd5a9c46893fe1acb96cb4487ad06060cbb2fea3494245ae386a25d03f,false_positive,other,Automated matching against remediation release
7e929b9531c17a597e6da95fdd4438a46a99639d6f91e8456c5964607cc0fa89,false_positive,other,Automated matching against remediation release
5c3449c633116bb2f80447c0861ddc4345deb0260767ab1f42cacaa452edf7fc,true_issue,other,Automated matching against remediation release
d73b36acfb7fdf7b293a228535dd65d17ae384656474b9c27a80e830e0680337,false_positive,other,Automated matching against remediation release
2eae74348a387c9523899de01169521d1182c352d10b5e6cc7055f67c09a7a3b,false_positive,other,Automated matching against remediation release
564cb1e0944ed203b846c5a80e6ecc250abcb8c743c67868a9282cbc7dd70b97,true_issue,other,Automated matching against remediation release
8eee60270d34a1dc04f436189470de7d72aa8238792adc770af09fda3f9e83c1,false_positive,other,Automated matching against remediation release
282f84d2102d148031f49d3d9e764fee30b376d22a16a0455292337d6d2fd9d9,false_positive,other,Automated matching against remediation release
f818b7bcc2937173b2a0b3d3f7e4d3d655f908062b7dc2c3e1e55aeedd08d6d4,true_issue,other,Automated matching against remediation release
4d95a1386d4283940cd2cfc835877d31d0332e8563694a82df5a3a10d385db21,true_issue,other,Automated matching against remediation release
ce4be9678b947c2f5726c2e9352ead962417e42dc528cfbd345daa6e2b5c476e,true_issue,other,Automated matching against remediation release
bede3cbee2b9c609b8c1f441e2be255070d777eb7c5903e12413ab98cd34c768,false_positive,other,Automated matching against remediation release
73bb3733fe7c689f1f13ff2c6de1eca4976681a8da667d2898902d0e5a0b9bd7,false_positive,other,Automated matching against remediation release
c85d19e2e519ff457e2b6854602882764f02e6beac57011987df504f46b96f17,false_positive,other,Automated matching against remediation release
8c90424f8e2a64a7ed8ecfa3cf7b49923a5eafb67ffc56aaa399f2efba0454ff,false_positive,other,Automated matching against remediation release
d98b0f126736bde9bc4e5155bf97b26c81198a94f8f505b8ca44ec8f1d0cb230,false_positive,other,Automated matching against remediation release
d4d5a2065e54474b0f80c0f069ecce66ec94d1ccc1b89fa9a0418296f2b745c1,true_issue,other,Automated matching against remediation release
e952d65beac2c379a7c03fc4343c5c39afba23904cde884cbde05b33904b8447,false_positive,other,Automated matching against remediation release
45773c987b224dbf6c16116deae1bd385752aa3323a162f1f0436d7d167f70d6,true_issue,other,Automated matching against remediation release
4e118e80735b767256891124b430ae88aa8d5e2a2ab37f8ab95e6231234d3ae2,false_positive,other,Automated matching against remediation release
af8cc8716ee059c06a3044edf1dec7f169ff2045b846b0d01e441f2cbd274612,false_positive,other,Automated matching against remediation release
d41ee0de0b1d0007597bd64f174789766748326d8bcaa9b6467c77045de78498,false_positive,other,Automated matching against remediation release
a2b7ed6a7e0acb731326bcecfc34770f5ae79263de4ba943571e25fb0686d971,false_positive,other,Automated matching against remediation release
4ec8b6aca54dfe3ac6c62300d8bddf64fd1e5c19f635d9bd6d523a3887125720,true_issue,other,Automated matching against remediation release
8a755a235b2f551bd54d9d29b12da256b57912c3bb8deae7bd91643ec1c1f66f,false_positive,other,Automated matching against remediation release
187bf93abc4877c52adc33f05776049ec8fff0d6bde1d68b330d6761537ad36b,false_positive,other,Automated matching against remediation release
edfa78e66008f7152998fe3c59eb9b8b15b574afb2d038bd3e41a332cac04aec,true_issue,other,Automated matching against remediation release
865a3f9d8a53dc87ab5d8a040c2a6028b2ea0a928d1ff157690361599dac6fab,false_positive,other,Automated matching against remediation release
87d6f48a8a0bac78358d1c51bbdab7fc1e027970a67d5e493fff8b0e307ede03,false_positive,other,Automated matching against remediation release
d34def7064de6eae0b01790b53d938564d8be13a78dbcd83272bf3dff7850def,false_positive,other,Automated matching against remediation release
fb580544784314cd7c9418cec04e5c895c56dd7b09cd1aeb19c05d88c874ab3d,false_positive,other,Automated matching against remediation release
3cc4f1d3512b2a04f4cab253e6faf4f21291336514a425c7f872e27da54a1652,false_positive,other,Automated matching against remediation release
8230d48540e52f4a1b3f5d49a1c64d2ca4d7d9c4359bd6ce82434fbdc4e514c4,false_positive,other,Automated matching against remediation release
f4539fc567769a019d7ea9e12e040de7b0c40048cdbfa263215a1b0f3847c5aa,false_positive,other,Automated matching against remediation release
72be412c524d8aa9bca62e570941246c17e5c53d0225453f79b9028bee6ceafb,false_positive,other,Automated matching against remediation release
0010a1b65990ea4f0f2d53f91ba3390e4042d65a5c324a327b4a0440e28bc162,true_issue,other,Automated matching against remediation release
21d3c3617480e18c48036ab0b3445b1f84588ba5bafd0d6119b91e42f65fc035,false_positive,other,Automated matching against remediation release
0b6bdaf9f3169488ffc8597dbdaf3fa544200dfb77da773c387ce78bff9ede67,false_positive,other,Automated matching against remediation release
e4d041deed5e543c7d98865fcd82282d8af09d223e94fb268feac216aa919895,false_positive,other,Automated matching against remediation release
8c6377a37b4868a3208667a0a53ead3a890985f5d2f760452bf6f547da2397ef,false_positive,other,Automated matching against remediation release
7b5389293174d4d574575cd9f0a4d8b4522bb6f62013e30892f88343991aff59,false_positive,other,Automated matching against remediation release
c4841e327fdfd2ea0ead7092131bb4c29d34f921ca112f36a8288c1d4b9abc26,false_positive,other,Automated matching against remediation release
356fe01247fdcea8b6dd4046a64ade12d65b2b1c644fc6ffcc40b5182d21ecd5,false_positive,other,Automated matching against remediation release
83f474a838cf8cf554179e6a24e841708f5e7b98a942960358d412f7259ab5c1,false_positive,other,Automated matching against remediation release
a7a0486a87f54a37054a4669e6469ac20d31f90bde41b3bdeab9c5ad214739c1,true_issue,other,Automated matching against remediation release
3e8068769eb9bfb302ff7113cbfb9f5b6a183b10181c500d8087a0b378416d2e,true_issue,other,Automated matching against remediation release
5f8c63bd3c49d49ae3b3f0c10b2eea9dd2b7f4f95cff1a312d423c95d595a3b2,false_positive,other,Automated matching against remediation release
e27f05e8a79ba6451119dbd7413f7a3261176f69a4686a9809723f099846393f,false_positive,other,Automated matching against remediation release
c707ea65de96eddffae5402117aae0b39769a2a614098bcdd921c6acd80c8670,false_positive,other,Automated matching against remediation release
3f9be83f188af677a2bed440ef015783222a23d157ad9036d54be2e7487ec761,false_positive,other,Automated matching against remediation release
9e1a90f3782552ee0f9619df524f3fd619a1b59bc8a9b1202c5c51d76f9bad4c,false_positive,other,Automated matching against remediation release
73ef3c93957f6c582a4c50db60e7715d833478fbd1245ecd82e081e4a047e906,false_positive,other,Automated matching against remediation release
9898a734449167443cd9185982c092ab4ae452898cc7ad66dd1c7dd534eab326,false_positive,other,Automated matching against remediation release
83394a09329568dd13ca7b029563a20cd95af9ba6dff6da21ce1ee81c795e220,true_issue,other,Automated matching against remediation release
ae76251b70848c9ff7b7fc9e947daf36bdec13e1b3153c4bcaacf5668756944e,false_positive,other,Automated matching against remediation release
d5bc653342a1dad67a75892bf21515811c1536f01548342a959e4a1ed2241fc9,false_positive,other,Automated matching against remediation release
8b3d312a2f13ff36091713ba224045f85b8ce85a1fe342b32f87da319e42f955,false_positive,other,Automated matching against remediation release
6079490c465e08c11a767d00b706d371966c83ede579c2e7d9a3de5be9788712,false_positive,other,Automated matching against remediation release
bb9826f8b0f339a65c693d66ff16e142ff0fae143e9530188e8cb0c5a5ab2ee6,false_positive,other,Automated matching against remediation release
36c4a884824ed861029d25f33f8047e44b353bda6e1da511523bdb7da2b98b03,true_issue,other,Automated matching against remediation release
2e1366642c29f37c15ca7967a73e8ca9920bb216331b8407504b50d4c4276f69,false_positive,other,Automated matching against remediation release
af3bf6df30a521ef3e324b7f3416515c986b66808a20fab5f25ad0b5aa806582,true_issue,other,Automated matching against remediation release
28a30295c8cd5f44987c5334e4958e009a656eb69609055766d6d9f22cdc6923,false_positive,other,Automated matching against remediation release
bcd7aefda1b9f23fd363003395c1f2eb6fc2d864f4f955b327c66fac06667afa,true_issue,other,Automated matching against remediation release
96a86cce85b940af1be4820c085a9c2c6dcb488f1a09cc1cdec3a1bc40408b18,false_positive,other,Automated matching against remediation release
587891cf3bf584b7a9135dbc27376fd8aa507bfa20d6068968a28739d9a2b3c1,false_positive,other,Automated matching against remediation release
de80e3285bd6dfa590e57008dd0f2a0a0fdb818ee8fe80b652e6f21c0053b7d9,false_positive,other,Automated matching against remediation release
dcde3dcbdae424dc636622f8bd30456dc1eaabe12b96f415f9d46dfd96e519a8,false_positive,other,Automated matching against remediation release
2d3cd4c27b0a3e5eb688a3115a75932281a78cf5ba5a3ee615ecca7c9606eec0,false_positive,other,Automated matching against remediation release
37854799d2a2d0b647bd3d189fa5f696a6104e2507a2a412d9cca85e6b3f15f8,false_positive,other,Automated matching against remediation release
74212d6397cdb9702792effbb0d2aea30c6e7ad4a22f759fe57753c6952c13a6,false_positive,other,Automated matching against remediation release
f309ecfe50bf154659c00a12bd2495ab377451bfe21843ab106efe5ea690e424,true_issue,other,Automated matching against remediation release
e2e1ac3e84c574f9bf59ff51102d9365fe01254ea2a5cf798c2759216ef5b771,false_positive,other,Automated matching against remediation release
c4f827d281e4b3c16e641b7a79589eeaa489d68da3e9e0a7ba32db3120303b86,false_positive,other,Automated matching against remediation release
c8d2cbc27ddf7681874f65b228170dc2947cf34a8593152985b5e17b343405da,false_positive,other,Automated matching against remediation release
a45872cd31443243e9a010d475deb1b209145900dcd43b13741bc656296bdf51,true_issue,other,Automated matching against remediation release
f6e1b2e9d2da4143d63a4dde4333b5171b97321146d03f0c58c6e75bc0cb5b0e,false_positive,other,Automated matching against remediation release
7868d77f55727efcff1327aacb547dc4b7485ea4a57d9ca0286a9307bd3bd0a5,false_positive,other,Automated matching against remediation release
a3208c7485ead372c3e083d6420ba510cbfad0c4bca48ab48eae9e46521bfbcc,false_positive,other,Automated matching against remediation release
d457cc7ac13a4502d7c26c5d590394412bc3b022863a53ddf6eb4f88eea543ab,false_positive,other,Automated matching against remediation release
4c6bac3dc6bcd4641f20d936c7bc341e6321633280e9c5e1f34f4629bf5f656b,true_issue,other,Automated matching against remediation release
6d84206d1ab5bf5065a557b09bb398e08005ef037c049282f1b323f84c12e88f,false_positive,other,Automated matching against remediation release
a18347abc6c0e521adde2eda96df4c035842540a2888532d849bbbd45eeb0c70,false_positive,other,Automated matching against remediation release
1052309adce6304e864a520471c4f68d9fd637f67e9fbe6e3eb3d20ceca1bbfa,false_positive,other,Automated matching against remediation release
b7e493ba3aee10a73f0eb5b665abb235faa8f93bb64f94c61525895e65463e18,false_positive,other,Automated matching against remediation release
38b4a7cc17817cfa39ca56f94a4af40a26665417a5d2cdae14e3342054277d4f,false_positive,other,Automated matching against remediation release
646c1ae28ff610b7e1e78c6893a6f288c596b387405af63dea7ab3caced45fcc,false_positive,other,Automated matching against remediation release
8b55c4f15735a83d74585861af3d4a8c5103bac4c0d2976bb22b95f05621267f,false_positive,other,Automated matching against remediation release
e86392d538caa3067821c2344a958babed954ce2ba5f02e04e3c24625bbc7ad3,false_positive,other,Automated matching against remediation release
fb08f34ceabd273e6ed02cc6500aff5a5644c09ebe78059fb7dd14484507e3b8,false_positive,other,Automated matching against remediation release
550f4be7acebc21c85c05aa6218eb9681c229d53ae587cd8985558f46d564baa,false_positive,year_header_as_unit,Automated matching against remediation release
d7294e2cb467b2f3cddce4b82f685ad641a88752481a6abddf08330c73f1ea7f,true_issue,missing_unit_context,Automated matching against remediation release
2bd93640499d583109d52e79346b02f046db083f2a9d33a38a1e94b7eb88c61a,true_issue,missing_unit_context,Automated matching against remediation release
ec2c67903a6f4d5fe367cda588bffcf61cb8bb962a87e0e2f674f2382d4c2656,true_issue,missing_unit_context,Automated matching against remediation release
0106d1ccce2703961a42519b77bb93f215c0d0c6b75161295ea96072cc0356b7,true_issue,missing_unit_context,Automated matching against remediation release
45811cd09a3cbd717ca023961b3390f3b23b33673e91adacd957f8f61ed103dc,false_positive,year_header_as_unit,Automated matching against remediation release
5216b64964f48976c314ea429597f3a6e85a31a20d80fd0fed79b13e01300db9,false_positive,year_header_as_unit,Automated matching against remediation release
573dd99da794b2d9ed87bdd85f4263eb603397f3d5d0c0fb394886232bce486c,true_issue,missing_unit_context,Automated matching against remediation release
795fa820919fea6c6131d95acd30151187dc5db575fc2fcecca1d195f38780f9,true_issue,missing_unit_context,Automated matching against remediation release
19e1f614cd1bff497f2debd7dfe199c960d2694ee4f506d07cbc7628dc27f88f,false_positive,year_header_as_unit,Automated matching against remediation release
79f4bd64f657a0212bd74aa27936ae84d1250d03251e6d2489155650de179d0b,false_positive,year_header_as_unit,Automated matching against remediation release
a9ef4354c15332200dd0531ca1f77838a5d6b19dc3b13683a7382ce90c7c9556,true_issue,missing_unit_context,Automated matching against remediation release
89ec628760ee38c6f8d93624c3fb1c0ff91ab26d2e3f08eee8d7a4017e9af7e4,true_issue,missing_unit_context,Automated matching against remediation release
09c4bea03f79e099df82459acab2d0e864a515dd7db3ed13a949d1531cbb8c9f,false_positive,year_header_as_unit,Automated matching against remediation release
c7a8de9d144bd5c97f44ced6e31d4f2a90ca850d59cd36ce19b0e964c32145eb,true_issue,missing_unit_context,Automated matching against remediation release
36a146ec58aeeb8bdc363b7d707c0e342d4c78e786e9d98078eadda3468199b2,true_issue,missing_unit_context,Automated matching against remediation release
27345ba5babc46cafa33d4a4c649153589358ab3d88b3531cebd43d269a969a2,true_issue,missing_unit_context,Automated matching against remediation release
211fcce63302609274af85d6b1b87e9a308a7deed34a36a63c9c7d4e238d1d7a,false_positive,year_header_as_unit,Automated matching against remediation release
5d6201a79f3f9a93a384cbd6cb35b4ed01eb570ec7f7f9550f94725a6c003f49,true_issue,missing_unit_context,Automated matching against remediation release
dfd363b0426caf1ea8629f51f5f83ac6c157de3f6935c82111dd001a24864533,false_positive,year_header_as_unit,Automated matching against remediation release
cb94d8fca0a549703cbc9abbe620e0db62cbdef44420a056c935077ef814b0fd,true_issue,missing_unit_context,Automated matching against remediation release
1ac50656dc933f259e555ce306f367659c8b0030f4ac15fb728a27270bb1dd41,true_issue,missing_unit_context,Automated matching against remediation release
952015240ea251c3bb3a9b282129de592df916b67083308cc172c613d0ed4a2a,true_issue,missing_unit_context,Automated matching against remediation release
c1d4ec65851dfcb02effbc0730754780a30d471c8f53e8143721d487c12f0c13,true_issue,missing_unit_context,Automated matching against remediation release
bde05163925b9dc85849aa518ebb0b7ac4ebd76bff4a55cb4386f3659a9bdb79,false_positive,year_header_as_unit,Automated matching against remediation release
61afd1dac2ca48adeb567111d7b9426aff6b69dd1548e06afa9098e73509ef27,false_positive,year_header_as_unit,Automated matching against remediation release
4e5c429230d92fa5766b0cf5bda1208d3e5790860000b0cb76cf3f19accf92a9,false_positive,year_header_as_unit,Automated matching against remediation release
b97aa7bfffe5613be9e7f06341f7916cd55589903dcdaf197c86544b35835dc1,true_issue,missing_unit_context,Automated matching against remediation release
b62379bdccd506e56f7f1343ccabd270c3edf35844054e17db6755b74490f4b4,true_issue,missing_unit_context,Automated matching against remediation release
f0ebf15fd0ef323d5ebba72bc7d96cf84dc442c95a54e29de5a6aef1397af864,true_issue,missing_unit_context,Automated matching against remediation release
b67cd039d1d37a21bd26c5563afde18cea98afb1ac6047a0944f8727d28cd7f6,true_issue,missing_unit_context,Automated matching against remediation release
b149c0987cb2a61b706613868f148f6a80d33e9302a6339dd075fcfb32094833,true_issue,missing_unit_context,Automated matching against remediation release
e2f7ab386bd343f6176a598e702b22474aa8f2e9146cc6bcdfc9275ebe594805,true_issue,missing_unit_context,Automated matching against remediation release
8c734c6d7eaaaefc959db3080ce3a39ec8e321d6246e3f433cd8ee14a0830262,false_positive,year_header_as_unit,Automated matching against remediation release
0b298de401bea923c0f4398b592e319dbb7f083b613b949dd25eb5926a5b1e1e,true_issue,missing_unit_context,Automated matching against remediation release
70134d02cb4dd12ee751cce6027de7fa68e0d455b48e70b78c09d6e9100c5b18,false_positive,year_header_as_unit,Automated matching against remediation release
1c735e14a3e727ff0c47c5e8dd0ef0cc085ebb0cefc2726d967f33e08aef09cd,false_positive,year_header_as_unit,Automated matching against remediation release
2aec2c84718d8092c5ff0619f5f83e3c103aef0c4d6b9dee49e42e5ae01fd973,false_positive,year_header_as_unit,Automated matching against remediation release
186086d805613995859076615e0b66098f771a42a38b0b2f90c5315a9bbb35c7,false_positive,year_header_as_unit,Automated matching against remediation release
5a26f61fbe6a828afa00e3d10ef7afa1162e142bbc6ae88e37d1e0256e6c4f27,true_issue,missing_unit_context,Automated matching against remediation release
1726cd76673b92214c830d9faf460a4f58ec2e7b1fa71e765aee3b8526b3d72c,false_positive,year_header_as_unit,Automated matching against remediation release
d2682cff8ed1d4ce871c2d56b194ff525cf1875d9c7a4beaada6fff6ec6a0121,true_issue,missing_unit_context,Automated matching against remediation release
21c8c09bfa86dfebd720394e4f04f1bdcd758af9012a6868e63d8e6472729971,true_issue,missing_unit_context,Automated matching against remediation release
09af73fa777117b602f165c7933d8688387f4abf201b2132c560c84353aef71a,false_positive,year_header_as_unit,Automated matching against remediation release
cacf1bac7f33ed8de7d1a168b77512ac4f35d26065eacb3618afe5f4b4900934,false_positive,year_header_as_unit,Automated matching against remediation release
8c9b4eaa0215465fe01149ff1c35239b7403bbbc5281335d2c80dced5a216817,true_issue,missing_unit_context,Automated matching against remediation release
00856263e137e415d01ff0e503b59baaefead4661f50060acd4e27996c0e7298,false_positive,year_header_as_unit,Automated matching against remediation release
8d782f8ddf0d90a507f71c49cb2a25d8b7c37655f5805c3b2516b00454ce55c7,false_positive,year_header_as_unit,Automated matching against remediation release
8bf1f1c05767e002c0904419a176bb874abe2e4d5ebd11aa2e39a6dc604dc9fd,false_positive,year_header_as_unit,Automated matching against remediation release
b31d26cdbac7d8c31dcfeb4d61021e31c7544c0ff88f8ff8d7a60d2971def602,false_positive,year_header_as_unit,Automated matching against remediation release
a4c0c632ee163541cd685b2704e3fdf8c09eade3a91a5136da792c63f9b8d33e,true_issue,missing_unit_context,Automated matching against remediation release
c1b7cc64f4a2770dbb911528ab36bb743da633aa155c0cbfc4ef0bff2d810377,true_issue,missing_unit_context,Automated matching against remediation release
731122e479e13a26ffb79f84eec16a4d508466bc700395a30b46d888d0a09d14,true_issue,missing_unit_context,Automated matching against remediation release
d1bbbbce38583d9467d3df9e8265aadfce21a77d1fb0f199c9b88133eb139e63,false_positive,year_header_as_unit,Automated matching against remediation release
f5613a7e0a90ca77a4d591674eb9eb7eb25b76705ee2ac07743a1623dbf6ef48,true_issue,missing_unit_context,Automated matching against remediation release
49ec33ebc44ac7624ac74b99d34054bb270c59c84757ece218b3897a51b52b5a,false_positive,year_header_as_unit,Automated matching against remediation release
7fc9745f027d5d00c5a693400b9c6877df870500935f460cdde614b443033334,true_issue,missing_unit_context,Automated matching against remediation release
6bf7c5b40cc2099c7204d947628de0737994373825d5fbe3c17a3cf776104716,false_positive,year_header_as_unit,Automated matching against remediation release
0960db15e4bfe96fbaa6761780197cdd18168691cd90521c83027e99410d5d04,false_positive,year_header_as_unit,Automated matching against remediation release
4df0ba5f794cd7ba8abd21cba1fee6cbeb24132ce1543f1df2b36d9c2e7e052c,true_issue,missing_unit_context,Automated matching against remediation release
20afd1f19d175460e6671fac696edd900e717104421ddcdc08a1d8f203077d6c,false_positive,year_header_as_unit,Automated matching against remediation release
3696d7ba989e7f22049184b05b853b90d4471f5109f0e73428bb1a87b6a1c996,true_issue,missing_unit_context,Automated matching against remediation release
f0d3f518d2a9a55b0f876279a7376edea18a16a6874dca1f574d2533be6b1965,true_issue,missing_unit_context,Automated matching against remediation release
ed22c22391bc26da6362ff620aa73802e81cd79f6f8c4d8375f06b130b68fed6,false_positive,year_header_as_unit,Automated matching against remediation release
4cdaeccf3a4a1bbc284816e0ee14db623f70db89a2f6554c7eb5c9741807f11c,true_issue,missing_unit_context,Automated matching against remediation release
4e8b745814f6cc657b7213fcd274520936e72a2ec10a7f1ed98262f4220b7edc,true_issue,missing_unit_context,Automated matching against remediation release
3a3bb1e7c14d4abdde18e45d0de4b4c9e6a30339068f84c985162f2bf2f38baa,false_positive,year_header_as_unit,Automated matching against remediation release
6e2e19d6c3757bf43ada8a55500d434ac1e076bd9d32dad1de13f153905c649a,false_positive,year_header_as_unit,Automated matching against remediation release
cfe9fc5182c17931e855415127564015e62101b214b5958b354b8bd5e23d390a,true_issue,missing_unit_context,Automated matching against remediation release
54f546cd0f038de567ff1d64d8b116d7f238bd2f03464f9c4275f93f689ecb9a,true_issue,missing_unit_context,Automated matching against remediation release
802bcc055750b45f4fc3fee6aee016856c6e150553b18b442a366e5bb0093632,false_positive,year_header_as_unit,Automated matching against remediation release
87ecf76ace84a153c65dfcde7ff8b536a604d9e3a3f7182e4c1270a299251168,false_positive,year_header_as_unit,Automated matching against remediation release
3f53d8005e3e564ec2fd3f3f9e4c2ce1fdd7bddd228ef051f4df24b280a235d2,true_issue,missing_unit_context,Automated matching against remediation release
71e3d4fe85acabdf1cb03652b82f43f4cc672f34c048acfda7b55e005e83665a,true_issue,missing_unit_context,Automated matching against remediation release
1ab740fdec9a0ad91d7521fc4226eb19e5ccd9e0a29f11742f2ce8d1e9f7cb48,false_positive,year_header_as_unit,Automated matching against remediation release
4b294527c76d461f0f83d5b38711c0aa705e9b946102724d7a403a62608baef8,true_issue,missing_unit_context,Automated matching against remediation release
8d75d549da80a54b5193fd3329f68f50ee189d02f1490d5926dfc3757c4a5ecf,false_positive,year_header_as_unit,Automated matching against remediation release
a509070d92d0affe9f69138c3c9f3db8babb45d3214d47c23553e28ec77b426f,false_positive,year_header_as_unit,Automated matching against remediation release
7acbc35f547ea51c50e97ed464100cf2554bda2e6c8579d893aba28961e02ba3,false_positive,year_header_as_unit,Automated matching against remediation release
dc045eacaac976ed43a9ade08fe21183435eba4faaff7203e104bcd0d0f536f4,true_issue,missing_unit_context,Automated matching against remediation release
92395841d5624f616c0829133e2fdaf5be8f3d29c0483c25b6114d7e2b139c97,true_issue,missing_unit_context,Automated matching against remediation release
955cf5f2bb693150d848499d81906ef6d1ad4b7d64dd87e5ab8e729ef951f7bf,false_positive,year_header_as_unit,Automated matching against remediation release
4e1a10808f1d557122fcd3f0eb5d0daae917af03981ec3f3cfc0e993b3f3e3bb,true_issue,missing_unit_context,Automated matching against remediation release
e6219d9ac669b3a9eea4e5b908dc501896d9b0bbb546962c266eb3ed46cb3f09,true_issue,missing_unit_context,Automated matching against remediation release
3327e904e02364001966dcd16718083983c5f7324282132d553a887dda709abe,true_issue,missing_unit_context,Automated matching against remediation release
9df27e38bee95e17086680edf3e37b50c1f12852f210bd64af870804b327e3ab,false_positive,year_header_as_unit,Automated matching against remediation release
8b7c448507f35c197763ab39a776bfb3547974c40655077c14296c6b1cfa5e0d,false_positive,year_header_as_unit,Automated matching against remediation release
8d138d886fc0b2533668ca681fb863692130c3d39624a471474688a23357cfa7,true_issue,missing_unit_context,Automated matching against remediation release
d9b5f0f01f74caf02a64ada4d0fdd391fb7ab7b0bb75bb17f780de98a7a07e06,true_issue,missing_unit_context,Automated matching against remediation release
15f080425813938c28d0afc6111f30719ff8019dfb9a177f923f5f06fda374ba,true_issue,missing_unit_context,Automated matching against remediation release
365e3ec71dba3c6e622628375c8a7655a29b98647a929e0fa4d00b825b902a3f,true_issue,missing_unit_context,Automated matching against remediation release
c2e14059179ea62210a5c3f65f8fd8f4125880caccda1fb50d7869b54607b153,true_issue,missing_unit_context,Automated matching against remediation release
dfba4bc78a4c5379fed917d845a948da9f5a43bf9a7c315c4d13f4b3b7c5dee6,true_issue,missing_unit_context,Automated matching against remediation release
551f131f2bb17456f49e2e2b02bdb0164e73004f16d2611e1e220b3400666311,false_positive,year_header_as_unit,Automated matching against remediation release
cef41880c38d2bbfa495310155c9f4472aa325d5715b2d0412e5b588313c22ae,false_positive,year_header_as_unit,Automated matching against remediation release
d53193ee4564d8e6f80baf54fdbefe708556d2ab814073a496a2891165d19063,false_positive,year_header_as_unit,Automated matching against remediation release
755911fc363957d5688e1d58f54b711874962c2bd40a36246a586d7f0d277dfc,true_issue,missing_unit_context,Automated matching against remediation release
ae5e65a1782fe74a51bf64b6428b72ed09aa57e63548d50abc002e6e34e34089,false_positive,year_header_as_unit,Automated matching against remediation release
2b30a9c8ef7cc22ec3be307c40fc7ed4128a7be8ad5b716f8c308d5a92b050a4,true_issue,missing_unit_context,Automated matching against remediation release
8e55d3252359979f01c1e21cbaa17cb31dc823d1db49e3303c00ec817562660d,true_issue,missing_unit_context,Automated matching against remediation release
b1cdf2ab57e1486c883801905cac088d11dc0195b2e4709110ea592f7029bb6f,false_positive,year_header_as_unit,Automated matching against remediation release
2964bfd87c3ed23199db87227742218e97d16f3192569c7fbeabf1bd774e4549,true_issue,missing_unit_context,Automated matching against remediation release
f710053e7060766470599c3300c79a4da3e3e5bd982e32b3b4d41966dfe78e49,true_issue,missing_unit_context,Automated matching against remediation release
6f6b649d5b9daf5dfc110f95e5d5985e588cf717c3c58b2bfb743f143ed074c1,false_positive,year_header_as_unit,Automated matching against remediation release
f0ff6ffdd3bf86ae85dbbb3334dd9c94d353e9affac5e01ed2281b341a76175b,true_issue,missing_unit_context,Automated matching against remediation release
f25d6a087d0db28c1283d493227fc4a266a1a4affa0235ad9aa22d30849bdaf8,false_positive,year_header_as_unit,Automated matching against remediation release
84a25a01c96226f7bf2c6a528d70d0965de1a5103fd279020cf7630e10ce6626,false_positive,year_header_as_unit,Automated matching against remediation release
73751669d21ee29a9464a05c8f2c0671ee9e41c98f1213321e841b75fd2a20fa,true_issue,missing_unit_context,Automated matching against remediation release
46c3d3ce8cc9b11790c681a2b0334306b66e41211d36c7221a45fd30185ac072,true_issue,missing_unit_context,Automated matching against remediation release
958105227ec8baff4fa04ea80dbae642b5bed343e8af9f1f98d0a2ff25c8e8d3,true_issue,missing_unit_context,Automated matching against remediation release
b3ed5d66895987c63c75ed08d8d986b1af628fe856df05877df4093f589f655a,false_positive,year_header_as_unit,Automated matching against remediation release
3474fde9d4361e43996d69232027ddaf4d5f385ec3d74d305fe3b04568d9a430,true_issue,missing_unit_context,Automated matching against remediation release
62bc323012b9b78f781ebadf16cc2fd8cd5cc1e3a32779ce39a03c1c5fc31c2c,false_positive,year_header_as_unit,Automated matching against remediation release
5ef377a0ea27f6d4d09d9d242ddb5605e0e1a4017c60d626916c202918dbacef,false_positive,year_header_as_unit,Automated matching against remediation release
b5a732af8bb14c729a07fc888ee6fe79bd8ac28de840bb4c33516ee793895add,true_issue,missing_unit_context,Automated matching against remediation release
9f2d654bc55b8974d77ffad79a92c45aa61f2107d5a11c67520c784623da6ebd,false_positive,year_header_as_unit,Automated matching against remediation release
43feb91cfa54b9d4ee2fce6d9fb1bdf7ec47da45dce8bf96d267cb4baa776fd9,false_positive,year_header_as_unit,Automated matching against remediation release
0fc7783e6b3313c3c1821bf8a0f21fb4ecb7f72b4f1359e08851d53c7987b7b9,true_issue,missing_unit_context,Automated matching against remediation release
26bd62892f44a8922ecb033ee4985dcedb2edb6d5145baa682cd21dec3fb2ba5,true_issue,missing_unit_context,Automated matching against remediation release
78da2e2e2c48e370b8693d70678004f4639364e2a68598814bbc2ef725e71e70,true_issue,missing_unit_context,Automated matching against remediation release
0899e1397223d551ff20b93973a6668d8409255601762c7dc09b350ea390e4bf,false_positive,year_header_as_unit,Automated matching against remediation release
d3e11553a45fa264a5425d1c11548cb924a8f0314cc48d26be4b1a836b670f10,true_issue,missing_unit_context,Automated matching against remediation release
bfe8662ec129fe80d92b48419066f9e8830cc9f33846aa7c831f3ae40d486b17,false_positive,year_header_as_unit,Automated matching against remediation release
0385e0e63ef29543d25498b8290dd9507bb105152d47fb2300d7e5afb2499562,false_positive,year_header_as_unit,Automated matching against remediation release
1eb4c9f5eb57e22bdd2210421617db0d8fab3594a84a0bded3d6fa7995933e8b,true_issue,missing_unit_context,Automated matching against remediation release
0c6646efdd73156cb2a8aeff5c6fa0c830da6a2f64d6c14d5e080db699437220,true_issue,missing_unit_context,Automated matching against remediation release
5bf7ebe2f348bac53441f51f4ec2af75c62ef91f432915a8b486c47542f95089,false_positive,year_header_as_unit,Automated matching against remediation release
3f4eb71d69855fb22bff71ffed0323a180ec021375631743f7e06fa519cebd54,true_issue,missing_unit_context,Automated matching against remediation release
c64787eacbdf62bf59553a8e9052a5b075efcbbfd343704e738650eea28460a6,false_positive,year_header_as_unit,Automated matching against remediation release
f89407fb260c2506ae6508ed9a1509bd664da4411db01dbb7c89b5769db9e53e,false_positive,year_header_as_unit,Automated matching against remediation release
3a83a31f19e376646a9dcc71f96da4b67b53a7f50268efd88149f8dc5244921f,true_issue,missing_unit_context,Automated matching against remediation release
6e4e086244045d7d902c02bbafc2a058e15fd13642f830f94a3abca9c821811a,true_issue,missing_unit_context,Automated matching against remediation release
98f24ad9455108ebbd1986d1839b7b2600aaa9af880eb9b8ade347faf7b08095,true_issue,missing_unit_context,Automated matching against remediation release
40c2b94aec1d5c4c8f7d8456b17a19649bc5f51c44b173eb38c5ff7d7fd20a88,false_positive,year_header_as_unit,Automated matching against remediation release
f8c25852ca5332b7200fe2482f784a354568f5424baf239fed4f2d2bac5897b2,false_positive,year_header_as_unit,Automated matching against remediation release
83067146cb049c6b5b442b2b9ef32df0c8b3208925c9939f4bd1ce159342aeb5,true_issue,missing_unit_context,Automated matching against remediation release
d1e5d182b81d19ece9ecb013ef51b6777ef20d08716c46df1dd31d2c2e833d5d,true_issue,missing_unit_context,Automated matching against remediation release
17d52eb1cad61cdfb678145bdd8dcb41164ac35eec2f3ad9fe5127bb2241c156,true_issue,missing_unit_context,Automated matching against remediation release
7cdfc9f7815791e89ac87abca2741bf9de5086a3889d3bd1e6746916ba38f2b6,true_issue,missing_unit_context,Automated matching against remediation release
ae4d19ebcda58651ae90a93644a00ccb0b86a05fe98b7f84aef9a8dc4da8b76a,true_issue,missing_unit_context,Automated matching against remediation release
2afa4e4aaa9acbe591e7e00f3d464ebb541a1bcfc7c59b1048b66a2411b47e51,true_issue,missing_unit_context,Automated matching against remediation release
334c5090d10256f8f5092b9b5d8dc1cd66789cfa81953d5bfc778b8122de2332,true_issue,missing_unit_context,Automated matching against remediation release
659241df96dafd8cd8a1991f08225012ab5dfbd913c9e003044f10be03352483,false_positive,year_header_as_unit,Automated matching against remediation release
c08cc3e69c0f950eb258aa19dddc85400fbf092dbe15da0fca3cfde2e82b765e,true_issue,missing_unit_context,Automated matching against remediation release
2c0d1dbcc33e952c8d6a48d70e921ee26c8094c9d4145191b79872ea2319ef4a,true_issue,missing_unit_context,Automated matching against remediation release
04e2b1a339b74a01831d8407ab0a2ccf870f180ade37e86a7b2db210a3e53c58,false_positive,year_header_as_unit,Automated matching against remediation release
a7f0ede2666324a18d34b2ebe1da5508f3e2dcd79b5f993e3ffd79d0e9185f25,false_positive,year_header_as_unit,Automated matching against remediation release
60b7635cbc57c8423ccc261dd3b551c20da32cd28dfa5a552c67154a54bc68e7,false_positive,year_header_as_unit,Automated matching against remediation release
3ded0bc6747483ec8e2e4305ab902c40dc6fc0ae5f1f834869c35a8cab9888be,true_issue,missing_unit_context,Automated matching against remediation release
7d5f79960102695f852d77de64a91ef7f63ea71faa648b3b785e717acd157833,false_positive,year_header_as_unit,Automated matching against remediation release
56026ee7374f2a144732a0c31e3dee9fdc3e4b7736bff29363d38566e3761274,true_issue,missing_unit_context,Automated matching against remediation release
41e6c6951be794db99abdb1eac77fcf842583a0f2f6ab53710237906fe148715,false_positive,year_header_as_unit,Automated matching against remediation release
5651e5c59884eb1e0b8e56f3cc84640da3a1d0bd2364bf871e07d91edc967c34,false_positive,year_header_as_unit,Automated matching against remediation release
ebb286b7d0b764c7e62ec75ecc80526fc285a1c6894898deadb771335280faf9,false_positive,year_header_as_unit,Automated matching against remediation release
6124608f09c931120fd5329bd57c1e93e6ba5294419a6242e530047968afbe86,true_issue,missing_unit_context,Automated matching against remediation release
979ca9709caad88abc6e20a05af4620c61e4cd78a3040565a2599a82c95ef943,true_issue,missing_unit_context,Automated matching against remediation release
2374e0b254479c8678681668828556a47ef9aed4e2f01f1ba802bc1668ad18d3,true_issue,missing_unit_context,Automated matching against remediation release
c10a88d0f11d9e0b783c968098b9cad3d04d83c6cc6c366c8574540fddabbd5f,true_issue,missing_unit_context,Automated matching against remediation release
57542c590f923dc3a0dfd72c4b8b8e6d2b0358dd4a1f01360c3688ddebcbe565,true_issue,missing_unit_context,Automated matching against remediation release
90052c7412267413525bb7e190363616e74498ee5518da785e5e6f903a3222d0,true_issue,missing_unit_context,Automated matching against remediation release
3e215e12902396cdea96fddd42c5545f41d3490a6fce83d2c1ef0cbc2151d33f,true_issue,missing_unit_context,Automated matching against remediation release
9b86f6c4fbc4e4cd366872aefa929da45b2094be9c27a1c162f71cfce62d1f5a,true_issue,missing_unit_context,Automated matching against remediation release
a076fb02178ca569dade1b594ce2af88676e384bc9072c1fcc77c7495d9badc4,true_issue,missing_unit_context,Automated matching against remediation release
50deb3834e0e2094a27f236b76374ad4ec11d2902c6322a0e0ad373b18e1e1c3,false_positive,year_header_as_unit,Automated matching against remediation release
1538508f6907eea61709d1f1c08ad0112fd44d1d085c61ce5eec96c283ad4d24,true_issue,missing_unit_context,Automated matching against remediation release
b46d58cf51ff9dd0a173ff6642132a573e1b9fd9edc4e7d7db5d1a601fadec94,true_issue,missing_unit_context,Automated matching against remediation release
6d4b634abffd9b45ae8966b5e11a3b5bd550231a0082ea178a23a1aa48154930,false_positive,year_header_as_unit,Automated matching against remediation release
23d06be89f3c87ebb6eae32d5f1bbbc0936625f1596099cf0c934c8a53636467,true_issue,missing_unit_context,Automated matching against remediation release
4681b74c8121b6f33119e2295432067ac7e6b5f934eb93d70f855a4a96897e8e,true_issue,missing_unit_context,Automated matching against remediation release
d01675b6b3a3b8046f9550c218459e577e1fdb6b410e5c016f12810e3ab555e1,false_positive,year_header_as_unit,Automated matching against remediation release
fc9b1e9c1b647c4fb8f71879b3ee1343eb85248fefeb8dd012e71a3ccde1212b,false_positive,year_header_as_unit,Automated matching against remediation release
334c77eca9b2ae3bea8cc58ffa9e659435fd2073570db05c03d30158c0fcc07f,false_positive,year_header_as_unit,Automated matching against remediation release
c79ae62407c80743697db5cee2d5d97f3f458e3c38e53ad51efdecb090ffd214,true_issue,missing_unit_context,Automated matching against remediation release
67939bf866f58f4611ba0e68af997388cf49cfdd85e4fec237d7feeffbfea52e,true_issue,missing_unit_context,Automated matching against remediation release
d5e0fad6c72c4cc522cdf6c6e6718c6190b4a45cc5ffc351675d29afb1c287aa,true_issue,missing_unit_context,Automated matching against remediation release
8d43e99ef6ed5b2adca4444a213e0bb74e9a61994fda989a79274e97b9e29fe9,true_issue,missing_unit_context,Automated matching against remediation release
fe95a4c3c944a4d42eba1fd794d70cc386aee55696efb9363b05f808ff1dfbfc,true_issue,missing_unit_context,Automated matching against remediation release
74f71219a158cddebbda2a9493cf2b386f550b0fe85c64473b294b6eb2cfecce,true_issue,missing_unit_context,Automated matching against remediation release
6d07536cf894d458c98cd3f044240d05e57edfd4129c93bf1314c9eaffe5a378,true_issue,missing_unit_context,Automated matching against remediation release
790869bc3bdcdc56704605d3d19e33b7e9eda81bc1f15b7609d63bdaf54d3dfa,false_positive,year_header_as_unit,Automated matching against remediation release
347a02cff6acd10bc9c7cdbc3379a8e2b75ffc0bf9f1c16f395c264d37c214b6,true_issue,missing_unit_context,Automated matching against remediation release
d140cf297fc8af2274aed3fc95351f4c6cd88964dd42767b95850094f3fba211,false_positive,year_header_as_unit,Automated matching against remediation release
101b8b4befdc8885b030f0aba473505def99fe43261e91af3a5a99356fc8456d,true_issue,missing_unit_context,Automated matching against remediation release
59caa447079156acfa5241a0abd6f9282b41fbd37b0e45c5b8a2be20d07f5ca7,true_issue,missing_unit_context,Automated matching against remediation release
02aa9ebd6d38b5c31e4175ed2a486635797d32a426a18d08d71d6f88cd649728,false_positive,year_header_as_unit,Automated matching against remediation release
58127e04ed8f410dc48a991ef9b01e4d8d414612eb8309daa4b4740fff102acd,false_positive,year_header_as_unit,Automated matching against remediation release
399f2b4d7a7e38eb5e41fdad2e66ade3a9d6cedbd8d6a80d3b6e2ce33fb4703d,false_positive,year_header_as_unit,Automated matching against remediation release
7394b24a764b3d62b55453d1037d9fa9f3572a77c7107c26afea53ccca972239,true_issue,missing_unit_context,Automated matching against remediation release
1f81bbd2e7607d3e6793fd97daacd795eae62369c951713e5e36dfb05f571c12,false_positive,year_header_as_unit,Automated matching against remediation release
98bbeca8ab7e47836256cb3c5d93eeeedfc8b0df93b208cc551f5a9d564bc3b4,false_positive,year_header_as_unit,Automated matching against remediation release
7d799f03799fa7ed3a910178f7f050a466fd8c320b0982221ef12a356ba03c9f,true_issue,missing_unit_context,Automated matching against remediation release
2c441d9df539f1f25cd433db597b439aa77f200fc1ed3ff7a8360882703d5295,false_positive,year_header_as_unit,Automated matching against remediation release
92f8413c50e5aae9cc25f2ccc4fdcb48e98fec844e6edddf8a2e4ed1eaefa8e8,true_issue,missing_unit_context,Automated matching against remediation release
d18d28d4c0429d75122879f13197ac7349444e049ba99b7534942d4da4d71a83,true_issue,missing_unit_context,Automated matching against remediation release
83d17e85cace6eb4d01eaef82630b84a70e1cd5e827b13c529d2107e6103da8f,true_issue,missing_unit_context,Automated matching against remediation release
d18e918346bb153f727dcdce8e7b20c9ac371bb7372dddad1a753f5d1e09e50f,false_positive,year_header_as_unit,Automated matching against remediation release
763bd14a57877309a094755a478998cbc025a30b396e0d6d5a4a316a3b92e417,true_issue,missing_unit_context,Automated matching against remediation release
590bf16178808c56b1eadb16ca94b87dc9e0b99bcf78570a48c241ae10e74e2b,true_issue,missing_unit_context,Automated matching against remediation release
7d1c222c65195fd5e7ada5e391e408340fafccfbaf934dc8528a734495e54dda,false_positive,year_header_as_unit,Automated matching against remediation release
48e5f8a758ebcee33740af9db90c8b2e60971e24f06ab9df3b436a97d271cdba,true_issue,missing_unit_context,Automated matching against remediation release
